iot-sn-a24,pallet03,61.56,14 Jan 2026 12:42:43 CET
iot-sn-a24,pallet02,90.7,14 Jan 2026 12:42:44 CET
iot-sn-a24,pallet03,92.05,14 Jan 2026 12:42:45 CET
iot-sn-a24,pallet01,93.17,14 Jan 2026 12:42:46 CET
iot-sn-a24,pallet03,43.24,14 Jan 2026 12:42:47 CET
iot-sn-a24,pallet03,72.98,14 Jan 2026 12:42:48 CET
iot-sn-a24,pallet03,40.52,14 Jan 2026 12:42:49 CET
iot-sn-a24,pallet01,55.15,14 Jan 2026 12:42:50 CET
iot-sn-a24,pallet01,98.4,14 Jan 2026 12:42:51 CET
iot-sn-a24,pallet02,67.81,14 Jan 2026 12:42:52 CET
iot-sn-a24,pallet02,95.51,14 Jan 2026 12:42:54 CET
iot-sn-a24,pallet02,78.34,14 Jan 2026 12:42:55 CET
iot-sn-a24,pallet03,47.03,14 Jan 2026 12:42:56 CET
iot-sn-a24,pallet03,62.9,14 Jan 2026 12:42:57 CET
iot-sn-a24,pallet01,34.99,14 Jan 2026 12:42:58 CET
iot-sn-a24,pallet01,65.9,14 Jan 2026 12:42:59 CET
iot-sn-a24,pallet03,52.78,14 Jan 2026 12:43:00 CET
iot-sn-a24,pallet03,33.34,14 Jan 2026 12:43:01 CET
iot-sn-a24,pallet01,34.7,14 Jan 2026 12:43:02 CET
iot-sn-a24,pallet02,50.53,14 Jan 2026 12:43:03 CET
iot-sn-a24,pallet03,72.82,14 Jan 2026 12:43:04 CET
iot-sn-a24,pallet02,95.74,14 Jan 2026 12:43:05 CET
iot-sn-a24,pallet03,69.48,14 Jan 2026 12:43:06 CET
iot-sn-a24,pallet02,86.75,14 Jan 2026 12:43:07 CET
iot-sn-a24,pallet01,103.47,14 Jan 2026 12:43:08 CET
iot-sn-a24,pallet01,60.16,14 Jan 2026 12:43:09 CET
iot-sn-a24,pallet03,32.24,14 Jan 2026 12:43:10 CET
iot-sn-a24,pallet01,43.54,14 Jan 2026 12:43:11 CET
iot-sn-a24,pallet01,50.97,14 Jan 2026 12:43:12 CET
iot-sn-a24,pallet03,98.31,14 Jan 2026 12:43:13 CET
iot-sn-a24,pallet01,82.51,14 Jan 2026 12:43:14 CET
iot-sn-a24,pallet03,68.95,14 Jan 2026 12:43:15 CET
iot-sn-a24,pallet02,45.3,14 Jan 2026 12:43:16 CET
iot-sn-a24,pallet02,46.55,14 Jan 2026 12:43:17 CET
iot-sn-a24,pallet01,95.4,14 Jan 2026 12:43:18 CET
iot-sn-a24,pallet02,59.58,14 Jan 2026 12:43:19 CET
iot-sn-a24,pallet01,41.97,14 Jan 2026 12:43:20 CET
iot-sn-a24,pallet03,88.72,14 Jan 2026 12:43:21 CET
iot-sn-a24,pallet03,47.48,14 Jan 2026 12:43:22 CET
iot-sn-a24,pallet02,107.73,14 Jan 2026 12:43:23 CET
iot-sn-a24,pallet02,37.21,14 Jan 2026 12:43:24 CET
iot-sn-a24,pallet02,55.55,14 Jan 2026 12:43:25 CET
iot-sn-a24,pallet02,39.19,14 Jan 2026 12:43:26 CET
iot-sn-a24,pallet03,93.01,14 Jan 2026 12:43:27 CET
iot-sn-a24,pallet03,45.57,14 Jan 2026 12:43:28 CET
iot-sn-a24,pallet02,59.96,14 Jan 2026 12:43:29 CET
iot-sn-a24,pallet01,40.29,14 Jan 2026 12:43:30 CET
iot-sn-a24,pallet02,41.31,14 Jan 2026 12:43:31 CET
iot-sn-a24,pallet03,70.27,14 Jan 2026 12:43:32 CET
iot-sn-a24,pallet02,34.86,14 Jan 2026 12:43:33 CET
iot-sn-a24,pallet02,72.54,14 Jan 2026 12:43:34 CET
iot-sn-a24,pallet03,69.84,14 Jan 2026 12:43:35 CET
iot-sn-a24,pallet02,50.32,14 Jan 2026 12:43:36 CET
iot-sn-a24,pallet01,83.57,14 Jan 2026 12:43:37 CET
iot-sn-a24,pallet02,52.14,14 Jan 2026 12:43:38 CET
iot-sn-a24,pallet03,56.47,14 Jan 2026 12:43:39 CET
iot-sn-a24,pallet01,44.35,14 Jan 2026 12:43:40 CET
iot-sn-a24,pallet01,101.17,14 Jan 2026 12:43:41 CET
iot-sn-a24,pallet03,89.48,14 Jan 2026 12:43:42 CET
iot-sn-a24,pallet03,92.56,14 Jan 2026 12:43:43 CET
iot-sn-a24,pallet03,69.58,14 Jan 2026 12:43:44 CET
iot-sn-a24,pallet01,41.67,14 Jan 2026 12:43:45 CET
iot-sn-a24,pallet01,34.84,14 Jan 2026 12:43:46 CET
iot-sn-a24,pallet01,50.69,14 Jan 2026 12:43:47 CET
iot-sn-a24,pallet03,48.7,14 Jan 2026 12:43:48 CET
iot-sn-a24,pallet02,73.9,14 Jan 2026 12:43:49 CET
iot-sn-a24,pallet03,68.42,14 Jan 2026 12:43:50 CET
iot-sn-a24,pallet01,37.73,14 Jan 2026 12:43:51 CET
iot-sn-a24,pallet02,70.34,14 Jan 2026 12:43:52 CET
iot-sn-a24,pallet03,56.49,14 Jan 2026 12:43:53 CET
iot-sn-a24,pallet03,50.78,14 Jan 2026 12:43:54 CET
iot-sn-a24,pallet02,93.73,14 Jan 2026 12:43:55 CET
iot-sn-a24,pallet01,41.05,14 Jan 2026 12:43:56 CET
iot-sn-a24,pallet03,99.46,14 Jan 2026 12:43:57 CET
iot-sn-a24,pallet01,31.9,14 Jan 2026 12:43:58 CET
iot-sn-a24,pallet03,30.24,14 Jan 2026 12:43:59 CET
iot-sn-a24,pallet02,99.58,14 Jan 2026 12:44:00 CET
iot-sn-a24,pallet01,88.54,14 Jan 2026 12:44:01 CET
iot-sn-a24,pallet03,90.14,14 Jan 2026 12:44:02 CET
iot-sn-a24,pallet03,109.37,14 Jan 2026 12:44:03 CET
iot-sn-a24,pallet01,63.04,14 Jan 2026 12:44:04 CET
iot-sn-a24,pallet03,61.89,14 Jan 2026 12:44:05 CET
iot-sn-a24,pallet03,106.67,14 Jan 2026 12:44:06 CET
iot-sn-a24,pallet02,48.29,14 Jan 2026 12:44:07 CET
iot-sn-a24,pallet02,103.58,14 Jan 2026 12:44:08 CET
iot-sn-a24,pallet02,59.39,14 Jan 2026 12:44:09 CET
iot-sn-a24,pallet03,59.71,14 Jan 2026 12:44:10 CET
iot-sn-a24,pallet01,36.62,14 Jan 2026 12:44:11 CET
iot-sn-a24,pallet02,73.71,14 Jan 2026 12:44:12 CET
iot-sn-a24,pallet01,76.1,14 Jan 2026 12:44:13 CET
iot-sn-a24,pallet03,99.77,14 Jan 2026 12:44:14 CET
iot-sn-a24,pallet03,80.92,14 Jan 2026 12:44:15 CET
iot-sn-a24,pallet01,61.48,14 Jan 2026 12:44:16 CET
iot-sn-a24,pallet03,67.12,14 Jan 2026 12:44:17 CET
iot-sn-a24,pallet01,33.55,14 Jan 2026 12:44:18 CET
iot-sn-a24,pallet03,81.29,14 Jan 2026 12:44:19 CET
iot-sn-a24,pallet03,69.91,14 Jan 2026 12:44:20 CET
iot-sn-a24,pallet02,46.65,14 Jan 2026 12:44:21 CET
iot-sn-a24,pallet03,108.98,14 Jan 2026 12:44:22 CET
iot-sn-a24,pallet01,64.03,14 Jan 2026 12:44:23 CET
iot-sn-a24,pallet01,44.8,14 Jan 2026 12:44:24 CET
iot-sn-a24,pallet01,56.23,14 Jan 2026 12:44:25 CET
iot-sn-a24,pallet03,37.47,14 Jan 2026 12:44:26 CET
iot-sn-a24,pallet02,99.32,14 Jan 2026 12:44:27 CET
iot-sn-a24,pallet03,106.26,14 Jan 2026 12:44:28 CET
iot-sn-a24,pallet01,92.67,14 Jan 2026 12:44:29 CET
iot-sn-a24,pallet01,33.91,14 Jan 2026 12:44:30 CET
iot-sn-a24,pallet02,64.26,14 Jan 2026 12:44:31 CET
iot-sn-a24,pallet03,44.24,14 Jan 2026 12:44:32 CET
iot-sn-a24,pallet03,41.85,14 Jan 2026 12:44:33 CET
iot-sn-a24,pallet03,47.94,14 Jan 2026 12:44:34 CET
iot-sn-a24,pallet02,77.37,14 Jan 2026 12:44:35 CET
iot-sn-a24,pallet01,69.9,14 Jan 2026 12:44:36 CET
iot-sn-a24,pallet02,70.93,14 Jan 2026 12:44:37 CET
iot-sn-a24,pallet03,31.7,14 Jan 2026 12:44:38 CET
iot-sn-a24,pallet02,90.48,14 Jan 2026 12:44:39 CET
iot-sn-a24,pallet03,69.9,14 Jan 2026 12:44:40 CET
iot-sn-a24,pallet03,68.59,14 Jan 2026 12:44:41 CET
iot-sn-a24,pallet01,102.52,14 Jan 2026 12:44:42 CET
iot-sn-a24,pallet02,35.1,14 Jan 2026 12:44:43 CET
iot-sn-a24,pallet01,81.53,14 Jan 2026 12:44:44 CET
iot-sn-a24,pallet03,72.53,14 Jan 2026 12:44:45 CET
iot-sn-a24,pallet03,85.77,14 Jan 2026 12:44:46 CET
iot-sn-a24,pallet03,48.67,14 Jan 2026 12:44:47 CET
iot-sn-a24,pallet02,41.79,14 Jan 2026 12:44:48 CET
iot-sn-a24,pallet02,108.4,14 Jan 2026 12:44:49 CET
iot-sn-a24,pallet01,57.57,14 Jan 2026 12:44:50 CET
iot-sn-a24,pallet02,77.61,14 Jan 2026 12:44:51 CET
iot-sn-a24,pallet01,40.46,14 Jan 2026 12:44:52 CET
iot-sn-a24,pallet03,58.71,14 Jan 2026 12:44:53 CET
iot-sn-a24,pallet02,49.43,14 Jan 2026 12:44:54 CET
iot-sn-a24,pallet01,30.63,14 Jan 2026 12:44:55 CET
iot-sn-a24,pallet02,45.72,14 Jan 2026 12:44:56 CET
iot-sn-a24,pallet01,49.37,14 Jan 2026 12:44:57 CET
iot-sn-a24,pallet01,70.87,14 Jan 2026 12:44:58 CET
iot-sn-a24,pallet01,67.69,14 Jan 2026 12:44:59 CET
iot-sn-a24,pallet03,103.5,14 Jan 2026 12:45:00 CET
iot-sn-a24,pallet03,44.08,14 Jan 2026 12:45:01 CET
iot-sn-a24,pallet02,59.07,14 Jan 2026 12:45:02 CET
iot-sn-a24,pallet01,82.92,14 Jan 2026 12:45:03 CET
iot-sn-a24,pallet01,53.05,14 Jan 2026 12:45:04 CET
iot-sn-a24,pallet03,70.73,14 Jan 2026 12:45:05 CET
iot-sn-a24,pallet03,65.39,14 Jan 2026 12:45:06 CET
iot-sn-a24,pallet03,31.08,14 Jan 2026 12:45:07 CET
iot-sn-a24,pallet03,33.06,14 Jan 2026 12:45:08 CET
iot-sn-a24,pallet02,52.23,14 Jan 2026 12:45:09 CET
iot-sn-a24,pallet02,101.03,14 Jan 2026 12:45:10 CET
iot-sn-a24,pallet02,45.75,14 Jan 2026 12:45:11 CET
iot-sn-a24,pallet01,35.27,14 Jan 2026 12:45:12 CET
iot-sn-a24,pallet02,93.94,14 Jan 2026 12:45:13 CET
iot-sn-a24,pallet01,63.91,14 Jan 2026 12:45:14 CET
iot-sn-a24,pallet03,32.52,14 Jan 2026 12:45:15 CET
iot-sn-a24,pallet02,95.88,14 Jan 2026 12:45:16 CET
iot-sn-a24,pallet01,74.86,14 Jan 2026 12:45:17 CET
iot-sn-a24,pallet02,91.83,14 Jan 2026 12:45:18 CET
iot-sn-a24,pallet01,67.89,14 Jan 2026 12:45:19 CET
iot-sn-a24,pallet03,57.22,14 Jan 2026 12:45:20 CET
iot-sn-a24,pallet01,42.12,14 Jan 2026 12:45:21 CET
iot-sn-a24,pallet01,96.02,14 Jan 2026 12:45:22 CET
iot-sn-a24,pallet02,56.69,14 Jan 2026 12:45:23 CET
iot-sn-a24,pallet02,106.2,14 Jan 2026 12:45:24 CET
iot-sn-a24,pallet01,93.45,14 Jan 2026 12:45:25 CET
iot-sn-a24,pallet03,65.91,14 Jan 2026 12:45:26 CET
iot-sn-a24,pallet02,59.02,14 Jan 2026 12:45:27 CET
iot-sn-a24,pallet02,66.72,14 Jan 2026 12:45:28 CET
iot-sn-a24,pallet02,68.81,14 Jan 2026 12:45:29 CET
iot-sn-a24,pallet02,90.32,14 Jan 2026 12:45:30 CET
iot-sn-a24,pallet03,72.55,14 Jan 2026 12:45:31 CET
iot-sn-a24,pallet02,108.46,14 Jan 2026 12:45:32 CET
iot-sn-a24,pallet02,43.58,14 Jan 2026 12:45:33 CET
iot-sn-a24,pallet01,36.35,14 Jan 2026 12:45:34 CET
iot-sn-a24,pallet01,56.01,14 Jan 2026 12:45:35 CET
iot-sn-a24,pallet03,51.16,14 Jan 2026 12:45:36 CET
iot-sn-a24,pallet03,103.42,14 Jan 2026 12:45:37 CET
iot-sn-a24,pallet02,74.86,14 Jan 2026 12:45:38 CET
iot-sn-a24,pallet01,53.78,14 Jan 2026 12:45:39 CET
iot-sn-a24,pallet01,73.65,14 Jan 2026 12:45:40 CET
iot-sn-a24,pallet01,105.9,14 Jan 2026 12:45:41 CET
iot-sn-a24,pallet02,53.0,14 Jan 2026 12:45:42 CET
iot-sn-a24,pallet02,75.07,14 Jan 2026 12:45:43 CET
iot-sn-a24,pallet02,90.52,14 Jan 2026 12:45:44 CET
iot-sn-a24,pallet03,73.86,14 Jan 2026 12:45:45 CET
iot-sn-a24,pallet02,58.66,14 Jan 2026 12:45:46 CET
iot-sn-a24,pallet01,32.59,14 Jan 2026 12:45:47 CET
iot-sn-a24,pallet01,41.01,14 Jan 2026 12:45:48 CET
iot-sn-a24,pallet02,38.05,14 Jan 2026 12:45:49 CET
iot-sn-a24,pallet02,44.91,14 Jan 2026 12:45:50 CET
iot-sn-a24,pallet01,75.56,14 Jan 2026 12:45:51 CET
iot-sn-a24,pallet01,45.97,14 Jan 2026 12:45:52 CET
iot-sn-a24,pallet03,48.59,14 Jan 2026 12:45:53 CET
iot-sn-a24,pallet02,70.97,14 Jan 2026 12:45:54 CET
iot-sn-a24,pallet03,74.55,14 Jan 2026 12:45:55 CET
iot-sn-a24,pallet03,84.89,14 Jan 2026 12:45:56 CET
iot-sn-a24,pallet01,48.87,14 Jan 2026 12:45:57 CET
iot-sn-a24,pallet03,42.09,14 Jan 2026 12:45:58 CET
iot-sn-a24,pallet03,40.4,14 Jan 2026 12:45:59 CET
iot-sn-a24,pallet01,82.09,14 Jan 2026 12:46:00 CET
iot-sn-a24,pallet02,96.76,14 Jan 2026 12:46:01 CET
iot-sn-a24,pallet03,32.97,14 Jan 2026 12:46:02 CET
iot-sn-a24,pallet02,104.38,14 Jan 2026 12:46:03 CET
iot-sn-a24,pallet02,54.36,14 Jan 2026 12:46:04 CET
iot-sn-a24,pallet02,30.1,14 Jan 2026 12:46:05 CET
iot-sn-a24,pallet03,87.47,14 Jan 2026 12:46:06 CET
iot-sn-a24,pallet02,102.39,14 Jan 2026 12:46:07 CET
iot-sn-a24,pallet01,78.65,14 Jan 2026 12:46:08 CET
iot-sn-a24,pallet01,80.83,14 Jan 2026 12:46:09 CET
iot-sn-a24,pallet02,43.24,14 Jan 2026 12:46:10 CET
iot-sn-a24,pallet02,104.96,14 Jan 2026 12:46:11 CET
iot-sn-a24,pallet01,99.76,14 Jan 2026 12:46:12 CET
iot-sn-a24,pallet03,48.2,14 Jan 2026 12:46:13 CET
iot-sn-a24,pallet03,108.11,14 Jan 2026 12:46:14 CET
iot-sn-a24,pallet02,77.55,14 Jan 2026 12:46:15 CET
iot-sn-a24,pallet03,70.56,14 Jan 2026 12:46:16 CET
iot-sn-a24,pallet01,47.08,14 Jan 2026 12:46:17 CET
iot-sn-a24,pallet03,45.97,14 Jan 2026 12:46:18 CET
iot-sn-a24,pallet02,63.8,14 Jan 2026 12:46:19 CET
iot-sn-a24,pallet01,102.69,14 Jan 2026 12:46:20 CET
iot-sn-a24,pallet02,76.79,14 Jan 2026 12:46:21 CET
iot-sn-a24,pallet03,52.37,14 Jan 2026 12:46:22 CET
iot-sn-a24,pallet02,39.97,14 Jan 2026 12:46:23 CET
iot-sn-a24,pallet03,49.82,14 Jan 2026 12:46:24 CET
iot-sn-a24,pallet02,95.31,14 Jan 2026 12:46:25 CET
iot-sn-a24,pallet02,36.84,14 Jan 2026 12:46:26 CET
iot-sn-a24,pallet01,44.84,14 Jan 2026 12:46:28 CET
iot-sn-a24,pallet01,38.81,14 Jan 2026 12:46:29 CET
iot-sn-a24,pallet02,55.3,14 Jan 2026 12:46:30 CET
iot-sn-a24,pallet02,48.65,14 Jan 2026 12:46:31 CET
iot-sn-a24,pallet02,54.29,14 Jan 2026 12:46:32 CET
iot-sn-a24,pallet01,102.82,14 Jan 2026 12:46:33 CET
iot-sn-a24,pallet01,36.19,14 Jan 2026 12:46:34 CET
iot-sn-a24,pallet01,91.15,14 Jan 2026 12:46:35 CET
iot-sn-a24,pallet03,96.05,14 Jan 2026 12:46:36 CET
iot-sn-a24,pallet01,43.19,14 Jan 2026 12:46:37 CET
iot-sn-a24,pallet02,74.62,14 Jan 2026 12:46:38 CET
iot-sn-a24,pallet02,86.55,14 Jan 2026 12:46:39 CET
iot-sn-a24,pallet03,88.91,14 Jan 2026 12:46:40 CET
iot-sn-a24,pallet01,46.36,14 Jan 2026 12:46:41 CET
iot-sn-a24,pallet02,52.59,14 Jan 2026 12:46:42 CET
iot-sn-a24,pallet03,71.32,14 Jan 2026 12:46:43 CET
iot-sn-a24,pallet02,50.3,14 Jan 2026 12:46:44 CET
iot-sn-a24,pallet03,97.28,14 Jan 2026 12:46:45 CET
iot-sn-a24,pallet03,38.37,14 Jan 2026 12:46:46 CET
iot-sn-a24,pallet03,95.53,14 Jan 2026 12:46:47 CET
iot-sn-a24,pallet01,67.49,14 Jan 2026 12:46:48 CET
iot-sn-a24,pallet01,42.96,14 Jan 2026 12:46:49 CET
iot-sn-a24,pallet02,32.58,14 Jan 2026 12:46:50 CET
iot-sn-a24,pallet03,104.62,14 Jan 2026 12:46:51 CET
iot-sn-a24,pallet01,32.72,14 Jan 2026 12:46:52 CET
iot-sn-a24,pallet01,108.12,14 Jan 2026 12:46:53 CET
iot-sn-a24,pallet03,88.94,14 Jan 2026 12:46:54 CET
iot-sn-a24,pallet01,96.63,14 Jan 2026 12:46:55 CET
iot-sn-a24,pallet02,97.13,14 Jan 2026 12:46:56 CET
iot-sn-a24,pallet02,39.96,14 Jan 2026 12:46:57 CET
iot-sn-a24,pallet02,59.85,14 Jan 2026 12:46:58 CET
iot-sn-a24,pallet03,63.48,14 Jan 2026 12:46:59 CET
iot-sn-a24,pallet01,88.28,14 Jan 2026 12:47:00 CET
iot-sn-a24,pallet03,78.2,14 Jan 2026 12:47:01 CET
iot-sn-a24,pallet01,108.78,14 Jan 2026 12:47:02 CET
iot-sn-a24,pallet01,49.38,14 Jan 2026 12:47:03 CET
iot-sn-a24,pallet03,90.99,14 Jan 2026 12:47:04 CET
iot-sn-a24,pallet02,73.17,14 Jan 2026 12:47:05 CET
iot-sn-a24,pallet01,82.7,14 Jan 2026 12:47:06 CET
iot-sn-a24,pallet03,70.06,14 Jan 2026 12:47:07 CET
iot-sn-a24,pallet03,83.25,14 Jan 2026 12:47:08 CET
iot-sn-a24,pallet02,78.52,14 Jan 2026 12:47:09 CET
iot-sn-a24,pallet03,78.79,14 Jan 2026 12:47:10 CET
iot-sn-a24,pallet02,32.97,14 Jan 2026 12:47:11 CET
iot-sn-a24,pallet03,38.33,14 Jan 2026 12:47:12 CET
iot-sn-a24,pallet03,43.39,14 Jan 2026 12:47:13 CET
iot-sn-a24,pallet03,33.49,14 Jan 2026 12:47:14 CET
iot-sn-a24,pallet03,31.72,14 Jan 2026 12:47:15 CET
iot-sn-a24,pallet03,52.17,14 Jan 2026 12:47:16 CET
iot-sn-a24,pallet02,56.25,14 Jan 2026 12:47:17 CET
iot-sn-a24,pallet02,55.65,14 Jan 2026 12:47:18 CET
iot-sn-a24,pallet01,36.71,14 Jan 2026 12:47:19 CET
iot-sn-a24,pallet02,77.79,14 Jan 2026 12:47:20 CET
iot-sn-a24,pallet02,95.0,14 Jan 2026 12:47:21 CET
iot-sn-a24,pallet01,66.15,14 Jan 2026 12:47:22 CET
iot-sn-a24,pallet01,91.93,14 Jan 2026 12:47:23 CET
iot-sn-a24,pallet03,66.04,14 Jan 2026 12:47:24 CET
iot-sn-a24,pallet02,54.93,14 Jan 2026 12:47:25 CET
iot-sn-a24,pallet01,50.43,14 Jan 2026 12:47:26 CET
iot-sn-a24,pallet03,84.36,14 Jan 2026 12:47:27 CET
iot-sn-a24,pallet02,84.07,14 Jan 2026 12:47:28 CET
iot-sn-a24,pallet03,69.65,14 Jan 2026 12:47:29 CET
iot-sn-a24,pallet03,42.45,14 Jan 2026 12:47:30 CET
iot-sn-a24,pallet01,32.09,14 Jan 2026 12:47:31 CET
iot-sn-a24,pallet03,38.48,14 Jan 2026 12:47:32 CET
iot-sn-a24,pallet02,52.93,14 Jan 2026 12:47:33 CET
iot-sn-a24,pallet02,101.47,14 Jan 2026 12:47:34 CET
iot-sn-a24,pallet02,74.28,14 Jan 2026 12:47:35 CET
iot-sn-a24,pallet01,99.81,14 Jan 2026 12:47:36 CET
iot-sn-a24,pallet03,102.71,14 Jan 2026 12:47:37 CET
iot-sn-a24,pallet01,98.42,14 Jan 2026 12:47:38 CET
iot-sn-a24,pallet02,71.55,14 Jan 2026 12:47:39 CET
iot-sn-a24,pallet01,43.7,14 Jan 2026 12:47:40 CET
iot-sn-a24,pallet03,39.15,14 Jan 2026 12:47:41 CET
iot-sn-a24,pallet01,45.37,14 Jan 2026 12:47:42 CET
iot-sn-a24,pallet03,37.9,14 Jan 2026 12:47:43 CET
iot-sn-a24,pallet02,59.5,14 Jan 2026 12:47:44 CET
iot-sn-a24,pallet03,71.76,14 Jan 2026 12:47:45 CET
iot-sn-a24,pallet03,30.84,14 Jan 2026 12:47:46 CET
iot-sn-a24,pallet02,59.75,14 Jan 2026 12:47:47 CET
iot-sn-a24,pallet02,36.62,14 Jan 2026 12:47:48 CET
iot-sn-a24,pallet01,56.58,14 Jan 2026 12:47:49 CET
iot-sn-a24,pallet01,58.73,14 Jan 2026 12:47:50 CET
iot-sn-a24,pallet02,90.5,14 Jan 2026 12:47:51 CET
iot-sn-a24,pallet02,40.1,14 Jan 2026 12:47:52 CET
iot-sn-a24,pallet02,65.32,14 Jan 2026 12:47:53 CET
iot-sn-a24,pallet02,103.08,14 Jan 2026 12:47:54 CET
iot-sn-a24,pallet01,95.79,14 Jan 2026 12:47:55 CET
iot-sn-a24,pallet01,51.08,14 Jan 2026 12:47:56 CET
iot-sn-a24,pallet01,34.11,14 Jan 2026 12:47:57 CET
iot-sn-a24,pallet02,106.41,14 Jan 2026 12:47:58 CET
iot-sn-a24,pallet01,74.96,14 Jan 2026 12:47:59 CET
iot-sn-a24,pallet03,101.44,14 Jan 2026 12:48:00 CET
iot-sn-a24,pallet01,56.0,14 Jan 2026 12:48:01 CET
iot-sn-a24,pallet02,68.05,14 Jan 2026 12:48:02 CET
iot-sn-a24,pallet01,60.69,14 Jan 2026 12:48:03 CET
iot-sn-a24,pallet02,77.65,14 Jan 2026 12:48:04 CET
iot-sn-a24,pallet02,102.52,14 Jan 2026 12:48:05 CET
iot-sn-a24,pallet02,30.07,14 Jan 2026 12:48:06 CET
iot-sn-a24,pallet02,45.79,14 Jan 2026 12:48:07 CET
iot-sn-a24,pallet03,65.72,14 Jan 2026 12:48:08 CET
iot-sn-a24,pallet01,53.87,14 Jan 2026 12:48:09 CET
iot-sn-a24,pallet03,107.1,14 Jan 2026 12:48:10 CET
iot-sn-a24,pallet01,55.63,14 Jan 2026 12:48:11 CET
iot-sn-a24,pallet01,74.44,14 Jan 2026 12:48:12 CET
iot-sn-a24,pallet01,50.15,14 Jan 2026 12:48:13 CET
iot-sn-a24,pallet02,100.57,14 Jan 2026 12:48:14 CET
iot-sn-a24,pallet02,101.88,14 Jan 2026 12:48:15 CET
iot-sn-a24,pallet01,68.25,14 Jan 2026 12:48:16 CET
iot-sn-a24,pallet02,103.44,14 Jan 2026 12:48:17 CET
iot-sn-a24,pallet02,74.28,14 Jan 2026 12:48:18 CET
iot-sn-a24,pallet02,105.55,14 Jan 2026 12:48:19 CET
iot-sn-a24,pallet01,87.48,14 Jan 2026 12:48:20 CET
iot-sn-a24,pallet02,67.02,14 Jan 2026 12:48:21 CET
iot-sn-a24,pallet03,91.81,14 Jan 2026 12:48:22 CET
iot-sn-a24,pallet01,53.02,14 Jan 2026 12:48:23 CET
iot-sn-a24,pallet03,79.98,14 Jan 2026 12:48:24 CET
iot-sn-a24,pallet03,30.56,14 Jan 2026 12:48:25 CET
iot-sn-a24,pallet01,72.04,14 Jan 2026 12:48:26 CET
iot-sn-a24,pallet01,105.5,14 Jan 2026 12:48:27 CET
iot-sn-a24,pallet01,41.82,14 Jan 2026 12:48:28 CET
iot-sn-a24,pallet01,44.55,14 Jan 2026 12:48:29 CET
iot-sn-a24,pallet01,62.97,14 Jan 2026 12:48:30 CET
iot-sn-a24,pallet01,69.79,14 Jan 2026 12:48:31 CET
iot-sn-a24,pallet02,43.51,14 Jan 2026 12:48:32 CET
iot-sn-a24,pallet02,31.77,14 Jan 2026 12:48:33 CET
iot-sn-a24,pallet02,38.01,14 Jan 2026 12:48:34 CET
iot-sn-a24,pallet03,42.47,14 Jan 2026 12:48:35 CET
iot-sn-a24,pallet03,99.15,14 Jan 2026 12:48:36 CET
iot-sn-a24,pallet03,101.27,14 Jan 2026 12:48:37 CET
iot-sn-a24,pallet02,43.45,14 Jan 2026 12:48:38 CET
iot-sn-a24,pallet01,66.43,14 Jan 2026 12:48:39 CET
iot-sn-a24,pallet03,60.01,14 Jan 2026 12:48:40 CET
iot-sn-a24,pallet01,35.17,14 Jan 2026 12:48:41 CET
iot-sn-a24,pallet02,69.54,14 Jan 2026 12:48:42 CET
iot-sn-a24,pallet01,57.11,14 Jan 2026 12:48:43 CET
iot-sn-a24,pallet02,78.86,14 Jan 2026 12:48:44 CET
iot-sn-a24,pallet01,68.88,14 Jan 2026 12:48:45 CET
iot-sn-a24,pallet02,60.41,14 Jan 2026 12:48:46 CET
iot-sn-a24,pallet03,95.71,14 Jan 2026 12:48:47 CET
iot-sn-a24,pallet03,34.54,14 Jan 2026 12:48:48 CET
iot-sn-a24,pallet01,52.15,14 Jan 2026 12:48:49 CET
iot-sn-a24,pallet01,105.07,14 Jan 2026 12:48:50 CET
iot-sn-a24,pallet03,44.85,14 Jan 2026 12:48:51 CET
iot-sn-a24,pallet03,38.52,14 Jan 2026 12:48:52 CET
iot-sn-a24,pallet03,47.55,14 Jan 2026 12:48:53 CET
iot-sn-a24,pallet03,104.14,14 Jan 2026 12:48:54 CET
iot-sn-a24,pallet02,55.51,14 Jan 2026 12:48:55 CET
iot-sn-a24,pallet01,73.75,14 Jan 2026 12:48:56 CET
iot-sn-a24,pallet03,69.58,14 Jan 2026 12:48:57 CET
iot-sn-a24,pallet01,31.45,14 Jan 2026 12:48:58 CET
iot-sn-a24,pallet03,106.82,14 Jan 2026 12:48:59 CET
iot-sn-a24,pallet01,95.41,14 Jan 2026 12:49:00 CET
iot-sn-a24,pallet03,87.26,14 Jan 2026 12:49:01 CET
iot-sn-a24,pallet01,68.12,14 Jan 2026 12:49:02 CET
iot-sn-a24,pallet03,32.35,14 Jan 2026 12:49:03 CET
iot-sn-a24,pallet03,94.66,14 Jan 2026 12:49:04 CET
iot-sn-a24,pallet02,50.19,14 Jan 2026 12:49:05 CET
iot-sn-a24,pallet03,86.89,14 Jan 2026 12:49:06 CET
iot-sn-a24,pallet03,37.62,14 Jan 2026 12:49:07 CET
iot-sn-a24,pallet03,62.9,14 Jan 2026 12:49:08 CET
iot-sn-a24,pallet02,68.15,14 Jan 2026 12:49:09 CET
iot-sn-a24,pallet02,54.73,14 Jan 2026 12:49:10 CET
iot-sn-a24,pallet01,83.97,14 Jan 2026 12:49:11 CET
iot-sn-a24,pallet01,59.79,14 Jan 2026 12:49:12 CET
iot-sn-a24,pallet01,83.97,14 Jan 2026 12:49:13 CET
iot-sn-a24,pallet01,38.12,14 Jan 2026 12:49:14 CET
iot-sn-a24,pallet03,50.09,14 Jan 2026 12:49:15 CET
iot-sn-a24,pallet02,57.89,14 Jan 2026 12:49:16 CET
iot-sn-a24,pallet01,101.77,14 Jan 2026 12:49:17 CET
iot-sn-a24,pallet03,73.54,14 Jan 2026 12:49:18 CET
iot-sn-a24,pallet01,47.58,14 Jan 2026 12:49:19 CET
iot-sn-a24,pallet02,91.58,14 Jan 2026 12:49:20 CET
iot-sn-a24,pallet02,49.74,14 Jan 2026 12:49:21 CET
iot-sn-a24,pallet01,105.89,14 Jan 2026 12:49:22 CET
iot-sn-a24,pallet03,84.44,14 Jan 2026 12:49:23 CET
iot-sn-a24,pallet01,32.41,14 Jan 2026 12:49:24 CET
iot-sn-a24,pallet02,64.1,14 Jan 2026 12:49:25 CET
iot-sn-a24,pallet01,88.27,14 Jan 2026 12:49:26 CET
iot-sn-a24,pallet02,89.77,14 Jan 2026 12:49:27 CET
iot-sn-a24,pallet03,64.29,14 Jan 2026 12:49:28 CET
iot-sn-a24,pallet02,59.91,14 Jan 2026 12:49:29 CET
iot-sn-a24,pallet03,80.61,14 Jan 2026 12:49:30 CET
iot-sn-a24,pallet02,51.4,14 Jan 2026 12:49:31 CET
iot-sn-a24,pallet01,105.0,14 Jan 2026 12:49:32 CET
iot-sn-a24,pallet03,67.93,14 Jan 2026 12:49:33 CET
iot-sn-a24,pallet03,52.43,14 Jan 2026 12:49:34 CET
iot-sn-a24,pallet02,74.1,14 Jan 2026 12:49:35 CET
iot-sn-a24,pallet03,30.86,14 Jan 2026 12:49:36 CET
iot-sn-a24,pallet03,51.78,14 Jan 2026 12:49:37 CET
iot-sn-a24,pallet01,89.97,14 Jan 2026 12:49:38 CET
iot-sn-a24,pallet01,46.4,14 Jan 2026 12:49:39 CET
iot-sn-a24,pallet02,80.97,14 Jan 2026 12:49:40 CET
iot-sn-a24,pallet01,94.41,14 Jan 2026 12:49:41 CET
iot-sn-a24,pallet03,94.51,14 Jan 2026 12:49:42 CET
iot-sn-a24,pallet03,81.78,14 Jan 2026 12:49:43 CET
iot-sn-a24,pallet03,82.79,14 Jan 2026 12:49:44 CET
iot-sn-a24,pallet01,70.66,14 Jan 2026 12:49:45 CET
iot-sn-a24,pallet02,63.7,14 Jan 2026 12:49:46 CET
iot-sn-a24,pallet02,89.45,14 Jan 2026 12:49:47 CET
iot-sn-a24,pallet01,95.33,14 Jan 2026 12:49:48 CET
iot-sn-a24,pallet01,91.93,14 Jan 2026 12:49:49 CET
iot-sn-a24,pallet01,104.53,14 Jan 2026 12:49:50 CET
iot-sn-a24,pallet03,65.47,14 Jan 2026 12:49:51 CET
iot-sn-a24,pallet03,81.72,14 Jan 2026 12:49:52 CET
iot-sn-a24,pallet03,80.59,14 Jan 2026 12:49:53 CET
iot-sn-a24,pallet03,90.69,14 Jan 2026 12:49:54 CET
iot-sn-a24,pallet02,106.0,14 Jan 2026 12:49:55 CET
iot-sn-a24,pallet01,93.15,14 Jan 2026 12:49:56 CET
iot-sn-a24,pallet02,69.11,14 Jan 2026 12:49:57 CET
iot-sn-a24,pallet01,99.33,14 Jan 2026 12:49:58 CET
iot-sn-a24,pallet03,36.87,14 Jan 2026 12:49:59 CET
iot-sn-a24,pallet02,88.82,14 Jan 2026 12:50:00 CET
iot-sn-a24,pallet03,36.75,14 Jan 2026 12:50:01 CET
iot-sn-a24,pallet02,93.52,14 Jan 2026 12:50:02 CET
iot-sn-a24,pallet02,107.27,14 Jan 2026 12:50:03 CET
iot-sn-a24,pallet01,57.19,14 Jan 2026 12:50:04 CET
iot-sn-a24,pallet03,44.31,14 Jan 2026 12:50:05 CET
iot-sn-a24,pallet03,82.47,14 Jan 2026 12:50:06 CET
iot-sn-a24,pallet02,35.04,14 Jan 2026 12:50:07 CET
iot-sn-a24,pallet02,103.68,14 Jan 2026 12:50:08 CET
iot-sn-a24,pallet03,40.28,14 Jan 2026 12:50:09 CET
iot-sn-a24,pallet02,65.18,14 Jan 2026 12:50:10 CET
iot-sn-a24,pallet01,80.57,14 Jan 2026 12:50:11 CET
iot-sn-a24,pallet03,79.29,14 Jan 2026 12:50:12 CET
iot-sn-a24,pallet01,44.91,14 Jan 2026 12:50:13 CET
iot-sn-a24,pallet01,30.6,14 Jan 2026 12:50:14 CET
iot-sn-a24,pallet01,44.07,14 Jan 2026 12:50:15 CET
iot-sn-a24,pallet01,92.69,14 Jan 2026 12:50:16 CET
iot-sn-a24,pallet01,73.05,14 Jan 2026 12:50:17 CET
iot-sn-a24,pallet02,32.24,14 Jan 2026 12:50:18 CET
iot-sn-a24,pallet03,92.27,14 Jan 2026 12:50:20 CET
iot-sn-a24,pallet03,102.26,14 Jan 2026 12:50:21 CET
iot-sn-a24,pallet01,44.15,14 Jan 2026 12:50:22 CET
iot-sn-a24,pallet01,100.51,14 Jan 2026 12:50:23 CET
iot-sn-a24,pallet03,99.45,14 Jan 2026 12:50:24 CET
iot-sn-a24,pallet03,100.05,14 Jan 2026 12:50:25 CET
iot-sn-a24,pallet01,41.95,14 Jan 2026 12:50:26 CET
iot-sn-a24,pallet02,42.09,14 Jan 2026 12:50:27 CET
iot-sn-a24,pallet02,84.25,14 Jan 2026 12:50:28 CET
iot-sn-a24,pallet03,102.46,14 Jan 2026 12:50:29 CET
iot-sn-a24,pallet01,81.55,14 Jan 2026 12:50:30 CET
iot-sn-a24,pallet02,103.12,14 Jan 2026 12:50:31 CET
iot-sn-a24,pallet01,61.54,14 Jan 2026 12:50:32 CET
iot-sn-a24,pallet01,57.82,14 Jan 2026 12:50:33 CET
iot-sn-a24,pallet01,71.74,14 Jan 2026 12:50:34 CET
iot-sn-a24,pallet03,66.07,14 Jan 2026 12:50:35 CET
iot-sn-a24,pallet03,105.56,14 Jan 2026 12:50:36 CET
iot-sn-a24,pallet01,53.21,14 Jan 2026 12:50:37 CET
iot-sn-a24,pallet01,100.49,14 Jan 2026 12:50:38 CET
iot-sn-a24,pallet03,36.71,14 Jan 2026 12:50:39 CET
iot-sn-a24,pallet03,109.89,14 Jan 2026 12:50:40 CET
iot-sn-a24,pallet01,36.23,14 Jan 2026 12:50:41 CET
iot-sn-a24,pallet03,56.76,14 Jan 2026 12:50:42 CET
iot-sn-a24,pallet03,38.11,14 Jan 2026 12:50:43 CET
iot-sn-a24,pallet01,30.06,14 Jan 2026 12:50:44 CET
iot-sn-a24,pallet01,83.03,14 Jan 2026 12:50:45 CET
iot-sn-a24,pallet01,74.15,14 Jan 2026 12:50:46 CET
iot-sn-a24,pallet03,72.08,14 Jan 2026 12:50:47 CET
iot-sn-a24,pallet01,30.66,14 Jan 2026 12:50:48 CET
iot-sn-a24,pallet01,106.72,14 Jan 2026 12:50:49 CET
iot-sn-a24,pallet02,105.29,14 Jan 2026 12:50:50 CET
iot-sn-a24,pallet03,68.64,14 Jan 2026 12:50:51 CET
iot-sn-a24,pallet03,42.71,14 Jan 2026 12:50:52 CET
iot-sn-a24,pallet03,49.31,14 Jan 2026 12:50:53 CET
iot-sn-a24,pallet01,84.08,14 Jan 2026 12:50:54 CET
iot-sn-a24,pallet02,86.06,14 Jan 2026 12:50:55 CET
iot-sn-a24,pallet01,82.6,14 Jan 2026 12:50:56 CET
iot-sn-a24,pallet02,50.31,14 Jan 2026 12:50:57 CET
iot-sn-a24,pallet03,90.08,14 Jan 2026 12:50:58 CET
iot-sn-a24,pallet01,109.37,14 Jan 2026 12:50:59 CET
iot-sn-a24,pallet02,90.62,14 Jan 2026 12:51:00 CET
iot-sn-a24,pallet01,95.64,14 Jan 2026 12:51:01 CET
iot-sn-a24,pallet02,55.6,14 Jan 2026 12:51:02 CET
iot-sn-a24,pallet01,108.89,14 Jan 2026 12:51:03 CET
iot-sn-a24,pallet03,90.7,14 Jan 2026 12:51:04 CET
iot-sn-a24,pallet01,50.02,14 Jan 2026 12:51:05 CET
iot-sn-a24,pallet03,89.76,14 Jan 2026 12:51:06 CET
iot-sn-a24,pallet02,96.25,14 Jan 2026 12:51:07 CET
iot-sn-a24,pallet01,53.49,14 Jan 2026 12:51:08 CET
iot-sn-a24,pallet03,73.08,14 Jan 2026 12:51:09 CET
iot-sn-a24,pallet01,54.73,14 Jan 2026 12:51:10 CET
iot-sn-a24,pallet01,39.32,14 Jan 2026 12:51:11 CET
iot-sn-a24,pallet02,67.73,14 Jan 2026 12:51:12 CET
iot-sn-a24,pallet03,65.38,14 Jan 2026 12:51:13 CET
iot-sn-a24,pallet03,105.57,14 Jan 2026 12:51:14 CET
iot-sn-a24,pallet03,100.81,14 Jan 2026 12:51:15 CET
iot-sn-a24,pallet02,40.23,14 Jan 2026 12:51:16 CET
iot-sn-a24,pallet01,98.02,14 Jan 2026 12:51:17 CET
iot-sn-a24,pallet01,69.06,14 Jan 2026 12:51:18 CET
iot-sn-a24,pallet01,69.54,14 Jan 2026 12:51:19 CET
iot-sn-a24,pallet03,95.99,14 Jan 2026 12:51:20 CET
iot-sn-a24,pallet02,44.86,14 Jan 2026 12:51:21 CET
iot-sn-a24,pallet01,89.13,14 Jan 2026 12:51:22 CET
iot-sn-a24,pallet01,69.23,14 Jan 2026 12:51:23 CET
iot-sn-a24,pallet02,53.29,14 Jan 2026 12:51:24 CET
iot-sn-a24,pallet03,68.85,14 Jan 2026 12:51:25 CET
iot-sn-a24,pallet01,97.11,14 Jan 2026 12:51:26 CET
iot-sn-a24,pallet03,98.17,14 Jan 2026 12:51:27 CET
iot-sn-a24,pallet03,39.57,14 Jan 2026 12:51:28 CET
iot-sn-a24,pallet02,40.01,14 Jan 2026 12:51:29 CET
iot-sn-a24,pallet01,33.42,14 Jan 2026 12:51:30 CET
iot-sn-a24,pallet02,90.73,14 Jan 2026 12:51:31 CET
iot-sn-a24,pallet03,63.83,14 Jan 2026 12:51:32 CET
iot-sn-a24,pallet02,94.81,14 Jan 2026 12:51:33 CET
iot-sn-a24,pallet01,59.91,14 Jan 2026 12:51:34 CET
iot-sn-a24,pallet02,53.69,14 Jan 2026 12:51:35 CET
iot-sn-a24,pallet01,30.3,14 Jan 2026 12:51:36 CET
iot-sn-a24,pallet01,34.78,14 Jan 2026 12:51:37 CET
iot-sn-a24,pallet03,46.45,14 Jan 2026 12:51:38 CET
iot-sn-a24,pallet03,42.16,14 Jan 2026 12:51:39 CET
iot-sn-a24,pallet01,74.84,14 Jan 2026 12:51:40 CET
iot-sn-a24,pallet01,74.38,14 Jan 2026 12:51:41 CET
iot-sn-a24,pallet01,48.26,14 Jan 2026 12:51:42 CET
iot-sn-a24,pallet03,55.67,14 Jan 2026 12:51:43 CET
iot-sn-a24,pallet02,48.5,14 Jan 2026 12:51:44 CET
iot-sn-a24,pallet03,69.95,14 Jan 2026 12:51:45 CET
iot-sn-a24,pallet02,107.79,14 Jan 2026 12:51:46 CET
iot-sn-a24,pallet02,83.84,14 Jan 2026 12:51:47 CET
iot-sn-a24,pallet02,66.22,14 Jan 2026 12:51:48 CET
iot-sn-a24,pallet02,80.48,14 Jan 2026 12:51:49 CET
iot-sn-a24,pallet02,104.68,14 Jan 2026 12:51:50 CET
iot-sn-a24,pallet03,75.64,14 Jan 2026 12:51:51 CET
iot-sn-a24,pallet01,101.45,14 Jan 2026 12:51:52 CET
iot-sn-a24,pallet01,37.08,14 Jan 2026 12:51:53 CET
iot-sn-a24,pallet02,42.41,14 Jan 2026 12:51:54 CET
iot-sn-a24,pallet01,57.05,14 Jan 2026 12:51:55 CET
iot-sn-a24,pallet03,103.38,14 Jan 2026 12:51:56 CET
iot-sn-a24,pallet03,51.37,14 Jan 2026 12:51:57 CET
iot-sn-a24,pallet01,64.64,14 Jan 2026 12:51:58 CET
iot-sn-a24,pallet01,40.85,14 Jan 2026 12:51:59 CET
iot-sn-a24,pallet01,90.81,14 Jan 2026 12:52:00 CET
iot-sn-a24,pallet02,65.96,14 Jan 2026 12:52:01 CET
iot-sn-a24,pallet03,37.53,14 Jan 2026 12:52:02 CET
iot-sn-a24,pallet03,79.75,14 Jan 2026 12:52:03 CET
iot-sn-a24,pallet02,53.84,14 Jan 2026 12:52:04 CET
iot-sn-a24,pallet02,70.98,14 Jan 2026 12:52:05 CET
iot-sn-a24,pallet01,94.84,14 Jan 2026 12:52:06 CET
iot-sn-a24,pallet02,86.03,14 Jan 2026 12:52:07 CET
iot-sn-a24,pallet03,73.43,14 Jan 2026 12:52:08 CET
iot-sn-a24,pallet02,109.03,14 Jan 2026 12:52:09 CET
iot-sn-a24,pallet01,63.66,14 Jan 2026 12:52:10 CET
iot-sn-a24,pallet01,51.9,14 Jan 2026 12:52:11 CET
iot-sn-a24,pallet01,36.38,14 Jan 2026 12:52:12 CET
iot-sn-a24,pallet01,62.92,14 Jan 2026 12:52:13 CET
iot-sn-a24,pallet01,62.19,14 Jan 2026 12:52:14 CET
iot-sn-a24,pallet03,70.87,14 Jan 2026 12:52:15 CET
iot-sn-a24,pallet03,82.95,14 Jan 2026 12:52:16 CET
iot-sn-a24,pallet03,50.41,14 Jan 2026 12:52:17 CET
iot-sn-a24,pallet01,88.55,14 Jan 2026 12:52:18 CET
iot-sn-a24,pallet02,102.54,14 Jan 2026 12:52:19 CET
iot-sn-a24,pallet03,39.57,14 Jan 2026 12:52:20 CET
iot-sn-a24,pallet03,108.17,14 Jan 2026 12:52:21 CET
iot-sn-a24,pallet01,91.62,14 Jan 2026 12:52:22 CET
iot-sn-a24,pallet01,51.53,14 Jan 2026 12:52:23 CET
iot-sn-a24,pallet01,36.01,14 Jan 2026 12:52:24 CET
iot-sn-a24,pallet03,85.57,14 Jan 2026 12:52:25 CET
iot-sn-a24,pallet01,95.48,14 Jan 2026 12:52:26 CET
iot-sn-a24,pallet02,61.59,14 Jan 2026 12:52:27 CET
iot-sn-a24,pallet03,72.39,14 Jan 2026 12:52:28 CET
iot-sn-a24,pallet03,80.24,14 Jan 2026 12:52:29 CET
iot-sn-a24,pallet01,33.89,14 Jan 2026 12:52:30 CET
iot-sn-a24,pallet02,100.81,14 Jan 2026 12:52:31 CET
iot-sn-a24,pallet03,80.02,14 Jan 2026 12:52:32 CET
iot-sn-a24,pallet02,108.87,14 Jan 2026 12:52:33 CET
iot-sn-a24,pallet02,70.12,14 Jan 2026 12:52:34 CET
iot-sn-a24,pallet02,97.99,14 Jan 2026 12:52:35 CET
iot-sn-a24,pallet01,103.11,14 Jan 2026 12:52:36 CET
iot-sn-a24,pallet01,89.67,14 Jan 2026 12:52:37 CET
iot-sn-a24,pallet02,33.85,14 Jan 2026 12:52:38 CET
iot-sn-a24,pallet01,34.41,14 Jan 2026 12:52:39 CET
iot-sn-a24,pallet02,93.89,14 Jan 2026 12:52:40 CET
iot-sn-a24,pallet01,79.22,14 Jan 2026 12:52:41 CET
iot-sn-a24,pallet02,30.03,14 Jan 2026 12:52:42 CET
iot-sn-a24,pallet03,102.95,14 Jan 2026 12:52:43 CET
iot-sn-a24,pallet01,77.6,14 Jan 2026 12:52:44 CET
iot-sn-a24,pallet02,95.68,14 Jan 2026 12:52:45 CET
iot-sn-a24,pallet03,109.7,14 Jan 2026 12:52:46 CET
iot-sn-a24,pallet03,42.54,14 Jan 2026 12:52:47 CET
iot-sn-a24,pallet02,100.24,14 Jan 2026 12:52:48 CET
iot-sn-a24,pallet02,58.11,14 Jan 2026 12:52:49 CET
iot-sn-a24,pallet02,51.72,14 Jan 2026 12:52:50 CET
iot-sn-a24,pallet01,104.0,14 Jan 2026 12:52:51 CET
iot-sn-a24,pallet02,72.64,14 Jan 2026 12:52:52 CET
iot-sn-a24,pallet02,100.93,14 Jan 2026 12:52:53 CET
iot-sn-a24,pallet03,42.79,14 Jan 2026 12:52:54 CET
iot-sn-a24,pallet03,109.43,14 Jan 2026 12:52:55 CET
iot-sn-a24,pallet03,43.31,14 Jan 2026 12:52:56 CET
iot-sn-a24,pallet03,78.4,14 Jan 2026 12:52:57 CET
iot-sn-a24,pallet02,87.86,14 Jan 2026 12:52:58 CET
iot-sn-a24,pallet03,38.2,14 Jan 2026 12:52:59 CET
iot-sn-a24,pallet02,94.1,14 Jan 2026 12:53:00 CET
iot-sn-a24,pallet02,69.96,14 Jan 2026 12:53:01 CET
iot-sn-a24,pallet02,83.0,14 Jan 2026 12:53:02 CET
iot-sn-a24,pallet03,70.23,14 Jan 2026 12:53:03 CET
iot-sn-a24,pallet03,35.77,14 Jan 2026 12:53:04 CET
iot-sn-a24,pallet02,54.48,14 Jan 2026 12:53:05 CET
iot-sn-a24,pallet01,64.04,14 Jan 2026 12:53:06 CET
iot-sn-a24,pallet01,65.51,14 Jan 2026 12:53:07 CET
iot-sn-a24,pallet01,106.81,14 Jan 2026 12:53:08 CET
iot-sn-a24,pallet01,69.93,14 Jan 2026 12:53:09 CET
iot-sn-a24,pallet03,108.17,14 Jan 2026 12:53:10 CET
iot-sn-a24,pallet02,66.09,14 Jan 2026 12:53:11 CET
iot-sn-a24,pallet01,34.56,14 Jan 2026 12:53:12 CET
iot-sn-a24,pallet03,87.82,14 Jan 2026 12:53:13 CET
iot-sn-a24,pallet03,44.44,14 Jan 2026 12:53:14 CET
iot-sn-a24,pallet03,62.98,14 Jan 2026 12:53:15 CET
iot-sn-a24,pallet03,85.35,14 Jan 2026 12:53:16 CET
iot-sn-a24,pallet01,66.9,14 Jan 2026 12:53:17 CET
iot-sn-a24,pallet03,80.57,14 Jan 2026 12:53:18 CET
iot-sn-a24,pallet02,77.63,14 Jan 2026 12:53:19 CET
iot-sn-a24,pallet02,94.27,14 Jan 2026 12:53:20 CET
iot-sn-a24,pallet01,63.32,14 Jan 2026 12:53:21 CET
iot-sn-a24,pallet01,73.02,14 Jan 2026 12:53:22 CET
iot-sn-a24,pallet03,95.65,14 Jan 2026 12:53:23 CET
iot-sn-a24,pallet03,41.63,14 Jan 2026 12:53:24 CET
iot-sn-a24,pallet01,52.7,14 Jan 2026 12:53:25 CET
iot-sn-a24,pallet02,92.95,14 Jan 2026 12:53:26 CET
iot-sn-a24,pallet03,81.92,14 Jan 2026 12:53:27 CET
iot-sn-a24,pallet03,39.76,14 Jan 2026 12:53:28 CET
iot-sn-a24,pallet02,54.88,14 Jan 2026 12:53:29 CET
iot-sn-a24,pallet03,106.3,14 Jan 2026 12:53:30 CET
iot-sn-a24,pallet03,36.12,14 Jan 2026 12:53:31 CET
iot-sn-a24,pallet03,45.84,14 Jan 2026 12:53:32 CET
iot-sn-a24,pallet02,100.49,14 Jan 2026 12:53:33 CET
iot-sn-a24,pallet01,71.33,14 Jan 2026 12:53:34 CET
iot-sn-a24,pallet03,37.12,14 Jan 2026 12:53:35 CET
iot-sn-a24,pallet03,82.92,14 Jan 2026 12:53:36 CET
iot-sn-a24,pallet01,89.98,14 Jan 2026 12:53:37 CET
iot-sn-a24,pallet01,100.77,14 Jan 2026 12:53:38 CET
iot-sn-a24,pallet01,82.53,14 Jan 2026 12:53:39 CET
iot-sn-a24,pallet02,55.55,14 Jan 2026 12:53:40 CET
iot-sn-a24,pallet01,100.12,14 Jan 2026 12:53:41 CET
iot-sn-a24,pallet03,88.58,14 Jan 2026 12:53:42 CET
iot-sn-a24,pallet03,70.05,14 Jan 2026 12:53:43 CET
iot-sn-a24,pallet02,73.29,14 Jan 2026 12:53:44 CET
iot-sn-a24,pallet03,104.73,14 Jan 2026 12:53:45 CET
iot-sn-a24,pallet01,79.74,14 Jan 2026 12:53:46 CET
iot-sn-a24,pallet03,90.49,14 Jan 2026 12:53:47 CET
iot-sn-a24,pallet03,34.37,14 Jan 2026 12:53:48 CET
iot-sn-a24,pallet01,93.47,14 Jan 2026 12:53:49 CET
iot-sn-a24,pallet02,74.8,14 Jan 2026 12:53:51 CET
iot-sn-a24,pallet02,81.04,14 Jan 2026 12:53:52 CET
iot-sn-a24,pallet01,92.86,14 Jan 2026 12:53:53 CET
iot-sn-a24,pallet02,30.98,14 Jan 2026 12:53:54 CET
iot-sn-a24,pallet03,67.47,14 Jan 2026 12:53:55 CET
iot-sn-a24,pallet02,71.4,14 Jan 2026 12:53:56 CET
iot-sn-a24,pallet03,98.23,14 Jan 2026 12:53:57 CET
iot-sn-a24,pallet03,89.86,14 Jan 2026 12:53:58 CET
iot-sn-a24,pallet01,59.69,14 Jan 2026 12:53:59 CET
iot-sn-a24,pallet01,90.46,14 Jan 2026 12:54:00 CET
iot-sn-a24,pallet03,60.36,14 Jan 2026 12:54:01 CET
iot-sn-a24,pallet01,96.44,14 Jan 2026 12:54:02 CET
iot-sn-a24,pallet03,34.15,14 Jan 2026 12:54:03 CET
iot-sn-a24,pallet03,91.26,14 Jan 2026 12:54:04 CET
iot-sn-a24,pallet03,57.54,14 Jan 2026 12:54:05 CET
iot-sn-a24,pallet02,86.49,14 Jan 2026 12:54:06 CET
iot-sn-a24,pallet01,94.61,14 Jan 2026 12:54:07 CET
iot-sn-a24,pallet01,83.56,14 Jan 2026 12:54:08 CET
iot-sn-a24,pallet03,93.56,14 Jan 2026 12:54:09 CET
iot-sn-a24,pallet03,104.77,14 Jan 2026 12:54:10 CET
iot-sn-a24,pallet01,59.96,14 Jan 2026 12:54:11 CET
iot-sn-a24,pallet02,68.96,14 Jan 2026 12:54:12 CET
iot-sn-a24,pallet02,34.55,14 Jan 2026 12:54:13 CET
iot-sn-a24,pallet03,35.18,14 Jan 2026 12:54:14 CET
iot-sn-a24,pallet01,98.96,14 Jan 2026 12:54:15 CET
iot-sn-a24,pallet02,85.51,14 Jan 2026 12:54:16 CET
iot-sn-a24,pallet02,70.43,14 Jan 2026 12:54:17 CET
iot-sn-a24,pallet01,73.07,14 Jan 2026 12:54:18 CET
iot-sn-a24,pallet01,79.81,14 Jan 2026 12:54:19 CET
iot-sn-a24,pallet02,94.68,14 Jan 2026 12:54:20 CET
iot-sn-a24,pallet03,87.02,14 Jan 2026 12:54:21 CET
iot-sn-a24,pallet03,48.26,14 Jan 2026 12:54:22 CET
iot-sn-a24,pallet01,79.32,14 Jan 2026 12:54:23 CET
iot-sn-a24,pallet01,44.93,14 Jan 2026 12:54:24 CET
iot-sn-a24,pallet01,75.01,14 Jan 2026 12:54:25 CET
iot-sn-a24,pallet01,82.17,14 Jan 2026 12:54:26 CET
iot-sn-a24,pallet01,70.15,14 Jan 2026 12:54:27 CET
iot-sn-a24,pallet02,47.22,14 Jan 2026 12:54:28 CET
iot-sn-a24,pallet02,103.56,14 Jan 2026 12:54:29 CET
iot-sn-a24,pallet03,62.23,14 Jan 2026 12:54:30 CET
iot-sn-a24,pallet02,44.38,14 Jan 2026 12:54:31 CET
iot-sn-a24,pallet03,69.21,14 Jan 2026 12:54:32 CET
iot-sn-a24,pallet03,43.23,14 Jan 2026 12:54:33 CET
iot-sn-a24,pallet02,63.2,14 Jan 2026 12:54:34 CET
iot-sn-a24,pallet01,102.44,14 Jan 2026 12:54:35 CET
iot-sn-a24,pallet02,30.54,14 Jan 2026 12:54:36 CET
iot-sn-a24,pallet03,44.25,14 Jan 2026 12:54:37 CET
iot-sn-a24,pallet03,107.36,14 Jan 2026 12:54:38 CET
iot-sn-a24,pallet03,61.43,14 Jan 2026 12:54:39 CET
iot-sn-a24,pallet02,52.68,14 Jan 2026 12:54:40 CET
iot-sn-a24,pallet03,51.84,14 Jan 2026 12:54:41 CET
iot-sn-a24,pallet02,80.16,14 Jan 2026 12:54:42 CET
iot-sn-a24,pallet01,49.87,14 Jan 2026 12:54:43 CET
iot-sn-a24,pallet01,98.56,14 Jan 2026 12:54:44 CET
iot-sn-a24,pallet03,72.77,14 Jan 2026 12:54:45 CET
iot-sn-a24,pallet03,65.94,14 Jan 2026 12:54:46 CET
iot-sn-a24,pallet02,101.41,14 Jan 2026 12:54:47 CET
iot-sn-a24,pallet01,33.95,14 Jan 2026 12:54:48 CET
iot-sn-a24,pallet02,68.49,14 Jan 2026 12:54:49 CET
iot-sn-a24,pallet01,70.44,14 Jan 2026 12:54:50 CET
iot-sn-a24,pallet02,55.58,14 Jan 2026 12:54:51 CET
iot-sn-a24,pallet02,61.41,14 Jan 2026 12:54:52 CET
iot-sn-a24,pallet02,80.17,14 Jan 2026 12:54:53 CET
iot-sn-a24,pallet03,43.96,14 Jan 2026 12:54:54 CET
iot-sn-a24,pallet03,100.16,14 Jan 2026 12:54:55 CET
iot-sn-a24,pallet02,52.78,14 Jan 2026 12:54:56 CET
iot-sn-a24,pallet02,30.93,14 Jan 2026 12:54:57 CET
iot-sn-a24,pallet02,49.18,14 Jan 2026 12:54:58 CET
iot-sn-a24,pallet03,39.21,14 Jan 2026 12:54:59 CET
iot-sn-a24,pallet02,71.63,14 Jan 2026 12:55:00 CET
iot-sn-a24,pallet03,107.72,14 Jan 2026 12:55:01 CET
iot-sn-a24,pallet03,88.7,14 Jan 2026 12:55:02 CET
iot-sn-a24,pallet02,45.17,14 Jan 2026 12:55:03 CET
iot-sn-a24,pallet02,62.61,14 Jan 2026 12:55:04 CET
iot-sn-a24,pallet02,38.04,14 Jan 2026 12:55:05 CET
iot-sn-a24,pallet03,91.3,14 Jan 2026 12:55:06 CET
iot-sn-a24,pallet01,95.0,14 Jan 2026 12:55:07 CET
iot-sn-a24,pallet03,86.16,14 Jan 2026 12:55:08 CET
iot-sn-a24,pallet01,32.66,14 Jan 2026 12:55:09 CET
iot-sn-a24,pallet03,54.88,14 Jan 2026 12:55:10 CET
iot-sn-a24,pallet03,54.68,14 Jan 2026 12:55:11 CET
iot-sn-a24,pallet01,57.04,14 Jan 2026 12:55:12 CET
iot-sn-a24,pallet03,98.61,14 Jan 2026 12:55:13 CET
iot-sn-a24,pallet01,86.08,14 Jan 2026 12:55:14 CET
iot-sn-a24,pallet02,48.04,14 Jan 2026 12:55:15 CET
iot-sn-a24,pallet03,65.23,14 Jan 2026 12:55:16 CET
iot-sn-a24,pallet03,39.7,14 Jan 2026 12:55:17 CET
iot-sn-a24,pallet03,33.81,14 Jan 2026 12:55:18 CET
iot-sn-a24,pallet02,47.34,14 Jan 2026 12:55:19 CET
iot-sn-a24,pallet01,79.34,14 Jan 2026 12:55:20 CET
iot-sn-a24,pallet02,78.48,14 Jan 2026 12:55:21 CET
iot-sn-a24,pallet03,66.0,14 Jan 2026 12:55:22 CET
iot-sn-a24,pallet02,65.91,14 Jan 2026 12:55:23 CET
iot-sn-a24,pallet03,95.85,14 Jan 2026 12:55:24 CET
iot-sn-a24,pallet01,52.54,14 Jan 2026 12:55:25 CET
iot-sn-a24,pallet01,47.18,14 Jan 2026 12:55:26 CET
iot-sn-a24,pallet03,97.61,14 Jan 2026 12:55:27 CET
iot-sn-a24,pallet03,33.75,14 Jan 2026 12:55:28 CET
iot-sn-a24,pallet02,67.78,14 Jan 2026 12:55:29 CET
iot-sn-a24,pallet02,92.65,14 Jan 2026 12:55:30 CET
iot-sn-a24,pallet02,31.41,14 Jan 2026 12:55:31 CET
iot-sn-a24,pallet01,75.86,14 Jan 2026 12:55:32 CET
iot-sn-a24,pallet01,90.13,14 Jan 2026 12:55:33 CET
iot-sn-a24,pallet03,61.18,14 Jan 2026 12:55:34 CET
iot-sn-a24,pallet01,45.75,14 Jan 2026 12:55:35 CET
iot-sn-a24,pallet01,94.98,14 Jan 2026 12:55:36 CET
iot-sn-a24,pallet02,89.69,14 Jan 2026 12:55:37 CET
iot-sn-a24,pallet01,84.49,14 Jan 2026 12:55:38 CET
iot-sn-a24,pallet01,82.91,14 Jan 2026 12:55:39 CET
iot-sn-a24,pallet01,78.89,14 Jan 2026 12:55:40 CET
iot-sn-a24,pallet02,76.58,14 Jan 2026 12:55:41 CET
iot-sn-a24,pallet03,106.54,14 Jan 2026 12:55:42 CET
iot-sn-a24,pallet03,59.65,14 Jan 2026 12:55:43 CET
iot-sn-a24,pallet02,64.23,14 Jan 2026 12:55:44 CET
iot-sn-a24,pallet02,66.86,14 Jan 2026 12:55:45 CET
iot-sn-a24,pallet01,83.41,14 Jan 2026 12:55:46 CET
iot-sn-a24,pallet03,82.56,14 Jan 2026 12:55:47 CET
iot-sn-a24,pallet02,87.21,14 Jan 2026 12:55:48 CET
iot-sn-a24,pallet03,63.26,14 Jan 2026 12:55:49 CET
iot-sn-a24,pallet03,37.13,14 Jan 2026 12:55:50 CET
iot-sn-a24,pallet02,89.95,14 Jan 2026 12:55:51 CET
iot-sn-a24,pallet03,85.86,14 Jan 2026 12:55:52 CET
iot-sn-a24,pallet03,100.74,14 Jan 2026 12:55:53 CET
iot-sn-a24,pallet01,64.2,14 Jan 2026 12:55:54 CET
iot-sn-a24,pallet03,91.06,14 Jan 2026 12:55:55 CET
iot-sn-a24,pallet01,84.1,14 Jan 2026 12:55:56 CET
iot-sn-a24,pallet02,57.14,14 Jan 2026 12:55:57 CET
iot-sn-a24,pallet01,49.55,14 Jan 2026 12:55:58 CET
iot-sn-a24,pallet03,89.22,14 Jan 2026 12:55:59 CET
iot-sn-a24,pallet03,65.71,14 Jan 2026 12:56:00 CET
iot-sn-a24,pallet02,37.23,14 Jan 2026 12:56:01 CET
iot-sn-a24,pallet02,80.6,14 Jan 2026 12:56:02 CET
iot-sn-a24,pallet02,90.63,14 Jan 2026 12:56:03 CET
iot-sn-a24,pallet03,79.41,14 Jan 2026 12:56:04 CET
iot-sn-a24,pallet01,53.62,14 Jan 2026 12:56:05 CET
iot-sn-a24,pallet02,33.69,14 Jan 2026 12:56:06 CET
iot-sn-a24,pallet02,30.53,14 Jan 2026 12:56:07 CET
iot-sn-a24,pallet03,60.99,14 Jan 2026 12:56:08 CET
iot-sn-a24,pallet03,91.67,14 Jan 2026 12:56:09 CET
iot-sn-a24,pallet01,52.26,14 Jan 2026 12:56:10 CET
iot-sn-a24,pallet03,92.69,14 Jan 2026 12:56:11 CET
iot-sn-a24,pallet02,68.03,14 Jan 2026 12:56:12 CET
iot-sn-a24,pallet03,98.29,14 Jan 2026 12:56:13 CET
iot-sn-a24,pallet02,76.02,14 Jan 2026 12:56:14 CET
iot-sn-a24,pallet02,77.16,14 Jan 2026 12:56:15 CET
iot-sn-a24,pallet01,84.9,14 Jan 2026 12:56:16 CET
iot-sn-a24,pallet03,109.56,14 Jan 2026 12:56:17 CET
iot-sn-a24,pallet01,74.01,14 Jan 2026 12:56:18 CET
iot-sn-a24,pallet02,84.77,14 Jan 2026 12:56:19 CET
iot-sn-a24,pallet01,30.68,14 Jan 2026 12:56:20 CET
iot-sn-a24,pallet02,33.23,14 Jan 2026 12:56:21 CET
iot-sn-a24,pallet03,93.17,14 Jan 2026 12:56:22 CET
iot-sn-a24,pallet01,89.66,14 Jan 2026 12:56:23 CET
iot-sn-a24,pallet03,39.19,14 Jan 2026 12:56:24 CET
iot-sn-a24,pallet02,39.05,14 Jan 2026 12:56:25 CET
iot-sn-a24,pallet03,68.58,14 Jan 2026 12:56:26 CET
iot-sn-a24,pallet02,86.57,14 Jan 2026 12:56:27 CET
iot-sn-a24,pallet01,88.04,14 Jan 2026 12:56:28 CET
iot-sn-a24,pallet02,108.03,14 Jan 2026 12:56:29 CET
iot-sn-a24,pallet03,76.21,14 Jan 2026 12:56:30 CET
iot-sn-a24,pallet02,75.2,14 Jan 2026 12:56:31 CET
iot-sn-a24,pallet02,91.25,14 Jan 2026 12:56:32 CET
iot-sn-a24,pallet01,89.6,14 Jan 2026 12:56:33 CET
iot-sn-a24,pallet02,63.81,14 Jan 2026 12:56:34 CET
iot-sn-a24,pallet01,45.76,14 Jan 2026 12:56:35 CET
iot-sn-a24,pallet01,35.39,14 Jan 2026 12:56:36 CET
iot-sn-a24,pallet01,43.78,14 Jan 2026 12:56:37 CET
iot-sn-a24,pallet01,74.56,14 Jan 2026 12:56:38 CET
iot-sn-a24,pallet01,43.01,14 Jan 2026 12:56:39 CET
iot-sn-a24,pallet01,72.11,14 Jan 2026 12:56:40 CET
iot-sn-a24,pallet02,73.98,14 Jan 2026 12:56:41 CET
iot-sn-a24,pallet02,38.39,14 Jan 2026 12:56:42 CET
iot-sn-a24,pallet02,88.02,14 Jan 2026 12:56:43 CET
iot-sn-a24,pallet01,44.26,14 Jan 2026 12:56:44 CET
iot-sn-a24,pallet03,82.65,14 Jan 2026 12:56:45 CET
iot-sn-a24,pallet01,59.4,14 Jan 2026 12:56:46 CET
iot-sn-a24,pallet03,52.71,14 Jan 2026 12:56:47 CET
iot-sn-a24,pallet03,47.28,14 Jan 2026 12:56:48 CET
iot-sn-a24,pallet03,94.37,14 Jan 2026 12:56:49 CET
iot-sn-a24,pallet01,96.61,14 Jan 2026 12:56:50 CET
iot-sn-a24,pallet02,74.98,14 Jan 2026 12:56:51 CET
iot-sn-a24,pallet02,31.58,14 Jan 2026 12:56:52 CET
iot-sn-a24,pallet02,47.22,14 Jan 2026 12:56:53 CET
iot-sn-a24,pallet03,86.48,14 Jan 2026 12:56:54 CET
iot-sn-a24,pallet02,33.93,14 Jan 2026 12:56:55 CET
iot-sn-a24,pallet02,70.49,14 Jan 2026 12:56:56 CET
iot-sn-a24,pallet01,70.19,14 Jan 2026 12:56:57 CET
iot-sn-a24,pallet03,41.72,14 Jan 2026 12:56:58 CET
iot-sn-a24,pallet01,105.74,14 Jan 2026 12:56:59 CET
iot-sn-a24,pallet01,77.18,14 Jan 2026 12:57:00 CET
iot-sn-a24,pallet03,38.25,14 Jan 2026 12:57:01 CET
iot-sn-a24,pallet03,56.31,14 Jan 2026 12:57:02 CET
iot-sn-a24,pallet02,108.74,14 Jan 2026 12:57:03 CET
iot-sn-a24,pallet01,38.98,14 Jan 2026 12:57:04 CET
iot-sn-a24,pallet02,54.06,14 Jan 2026 12:57:05 CET
iot-sn-a24,pallet01,40.9,14 Jan 2026 12:57:06 CET
iot-sn-a24,pallet01,60.96,14 Jan 2026 12:57:07 CET
iot-sn-a24,pallet03,47.83,14 Jan 2026 12:57:08 CET
iot-sn-a24,pallet03,55.46,14 Jan 2026 12:57:09 CET
iot-sn-a24,pallet01,75.33,14 Jan 2026 12:57:10 CET
iot-sn-a24,pallet02,105.03,14 Jan 2026 12:57:11 CET
iot-sn-a24,pallet02,74.83,14 Jan 2026 12:57:12 CET
iot-sn-a24,pallet03,42.51,14 Jan 2026 12:57:13 CET
iot-sn-a24,pallet02,64.98,14 Jan 2026 12:57:14 CET
iot-sn-a24,pallet03,76.18,14 Jan 2026 12:57:15 CET
iot-sn-a24,pallet01,43.97,14 Jan 2026 12:57:16 CET
iot-sn-a24,pallet03,105.28,14 Jan 2026 12:57:17 CET
iot-sn-a24,pallet02,56.79,14 Jan 2026 12:57:18 CET
iot-sn-a24,pallet02,44.99,14 Jan 2026 12:57:19 CET
iot-sn-a24,pallet03,104.18,14 Jan 2026 12:57:20 CET
iot-sn-a24,pallet02,90.88,14 Jan 2026 12:57:21 CET
iot-sn-a24,pallet01,106.59,14 Jan 2026 12:57:22 CET
iot-sn-a24,pallet01,88.36,14 Jan 2026 12:57:23 CET
iot-sn-a24,pallet02,77.9,14 Jan 2026 12:57:24 CET
iot-sn-a24,pallet03,55.95,14 Jan 2026 12:57:26 CET
iot-sn-a24,pallet02,102.89,14 Jan 2026 12:57:27 CET
iot-sn-a24,pallet01,49.76,14 Jan 2026 12:57:28 CET
iot-sn-a24,pallet02,59.52,14 Jan 2026 12:57:29 CET
iot-sn-a24,pallet02,101.69,14 Jan 2026 12:57:30 CET
iot-sn-a24,pallet03,63.42,14 Jan 2026 12:57:31 CET
iot-sn-a24,pallet02,48.33,14 Jan 2026 12:57:32 CET
iot-sn-a24,pallet03,41.15,14 Jan 2026 12:57:33 CET
iot-sn-a24,pallet01,93.71,14 Jan 2026 12:57:34 CET
iot-sn-a24,pallet02,37.23,14 Jan 2026 12:57:35 CET
iot-sn-a24,pallet03,87.25,14 Jan 2026 12:57:36 CET
iot-sn-a24,pallet02,63.13,14 Jan 2026 12:57:37 CET
iot-sn-a24,pallet01,90.18,14 Jan 2026 12:57:38 CET
iot-sn-a24,pallet01,103.04,14 Jan 2026 12:57:39 CET
iot-sn-a24,pallet03,109.92,14 Jan 2026 12:57:40 CET
iot-sn-a24,pallet01,93.24,14 Jan 2026 12:57:41 CET
iot-sn-a24,pallet03,66.44,14 Jan 2026 12:57:42 CET
iot-sn-a24,pallet01,108.43,14 Jan 2026 12:57:43 CET
iot-sn-a24,pallet01,108.39,14 Jan 2026 12:57:44 CET
iot-sn-a24,pallet02,48.16,14 Jan 2026 12:57:45 CET
iot-sn-a24,pallet01,104.92,14 Jan 2026 12:57:46 CET
iot-sn-a24,pallet03,68.63,14 Jan 2026 12:57:47 CET
iot-sn-a24,pallet03,57.07,14 Jan 2026 12:57:48 CET
iot-sn-a24,pallet01,31.0,14 Jan 2026 12:57:49 CET
iot-sn-a24,pallet02,102.48,14 Jan 2026 12:57:50 CET
iot-sn-a24,pallet02,109.01,14 Jan 2026 12:57:51 CET
iot-sn-a24,pallet01,54.1,14 Jan 2026 12:57:52 CET
iot-sn-a24,pallet03,66.17,14 Jan 2026 12:57:53 CET
iot-sn-a24,pallet03,47.49,14 Jan 2026 12:57:54 CET
iot-sn-a24,pallet02,41.75,14 Jan 2026 12:57:55 CET
iot-sn-a24,pallet01,86.28,14 Jan 2026 12:57:56 CET
iot-sn-a24,pallet03,107.16,14 Jan 2026 12:57:57 CET
iot-sn-a24,pallet02,101.22,14 Jan 2026 12:57:58 CET
iot-sn-a24,pallet01,78.2,14 Jan 2026 12:57:59 CET
iot-sn-a24,pallet01,101.42,14 Jan 2026 12:58:00 CET
iot-sn-a24,pallet01,108.3,14 Jan 2026 12:58:01 CET
iot-sn-a24,pallet03,41.48,14 Jan 2026 12:58:02 CET
iot-sn-a24,pallet01,50.67,14 Jan 2026 12:58:03 CET
iot-sn-a24,pallet01,95.5,14 Jan 2026 12:58:04 CET
iot-sn-a24,pallet01,84.78,14 Jan 2026 12:58:05 CET
iot-sn-a24,pallet03,43.2,14 Jan 2026 12:58:06 CET
iot-sn-a24,pallet01,93.1,14 Jan 2026 12:58:07 CET
iot-sn-a24,pallet03,103.99,14 Jan 2026 12:58:08 CET
iot-sn-a24,pallet02,51.4,14 Jan 2026 12:58:09 CET
iot-sn-a24,pallet01,101.87,14 Jan 2026 12:58:10 CET
iot-sn-a24,pallet03,49.09,14 Jan 2026 12:58:11 CET
iot-sn-a24,pallet03,35.92,14 Jan 2026 12:58:12 CET
iot-sn-a24,pallet01,32.48,14 Jan 2026 12:58:13 CET
iot-sn-a24,pallet01,56.1,14 Jan 2026 12:58:14 CET
iot-sn-a24,pallet01,70.08,14 Jan 2026 12:58:15 CET
iot-sn-a24,pallet03,44.86,14 Jan 2026 12:58:16 CET
iot-sn-a24,pallet02,75.84,14 Jan 2026 12:58:17 CET
iot-sn-a24,pallet03,103.19,14 Jan 2026 12:58:18 CET
iot-sn-a24,pallet02,102.56,14 Jan 2026 12:58:19 CET
iot-sn-a24,pallet03,51.25,14 Jan 2026 12:58:20 CET
iot-sn-a24,pallet02,95.72,14 Jan 2026 12:58:21 CET
iot-sn-a24,pallet03,100.88,14 Jan 2026 12:58:22 CET
iot-sn-a24,pallet02,31.95,14 Jan 2026 12:58:23 CET
iot-sn-a24,pallet01,87.96,14 Jan 2026 12:58:24 CET
iot-sn-a24,pallet01,67.02,14 Jan 2026 12:58:25 CET
iot-sn-a24,pallet02,37.08,14 Jan 2026 12:58:26 CET
iot-sn-a24,pallet01,98.49,14 Jan 2026 12:58:27 CET
iot-sn-a24,pallet02,95.93,14 Jan 2026 12:58:28 CET
iot-sn-a24,pallet03,39.51,14 Jan 2026 12:58:29 CET
iot-sn-a24,pallet02,60.84,14 Jan 2026 12:58:30 CET
iot-sn-a24,pallet02,75.6,14 Jan 2026 12:58:31 CET
iot-sn-a24,pallet02,63.02,14 Jan 2026 12:58:32 CET
iot-sn-a24,pallet01,66.91,14 Jan 2026 12:58:33 CET
iot-sn-a24,pallet02,57.67,14 Jan 2026 12:58:34 CET
iot-sn-a24,pallet03,55.29,14 Jan 2026 12:58:35 CET
iot-sn-a24,pallet02,44.06,14 Jan 2026 12:58:36 CET
iot-sn-a24,pallet01,97.41,14 Jan 2026 12:58:37 CET
iot-sn-a24,pallet03,52.98,14 Jan 2026 12:58:38 CET
iot-sn-a24,pallet03,56.69,14 Jan 2026 12:58:39 CET
iot-sn-a24,pallet03,98.21,14 Jan 2026 12:58:40 CET
iot-sn-a24,pallet01,87.55,14 Jan 2026 12:58:41 CET
iot-sn-a24,pallet03,59.0,14 Jan 2026 12:58:42 CET
iot-sn-a24,pallet02,105.08,14 Jan 2026 12:58:43 CET
iot-sn-a24,pallet01,69.12,14 Jan 2026 12:58:44 CET
iot-sn-a24,pallet03,73.51,14 Jan 2026 12:58:45 CET
iot-sn-a24,pallet01,30.08,14 Jan 2026 12:58:46 CET
iot-sn-a24,pallet02,63.13,14 Jan 2026 12:58:47 CET
iot-sn-a24,pallet01,45.21,14 Jan 2026 12:58:48 CET
iot-sn-a24,pallet02,105.1,14 Jan 2026 12:58:49 CET
iot-sn-a24,pallet02,34.47,14 Jan 2026 12:58:50 CET
iot-sn-a24,pallet03,49.1,14 Jan 2026 12:58:51 CET
iot-sn-a24,pallet02,74.65,14 Jan 2026 12:58:52 CET
iot-sn-a24,pallet03,91.26,14 Jan 2026 12:58:53 CET
iot-sn-a24,pallet03,66.09,14 Jan 2026 12:58:54 CET
iot-sn-a24,pallet03,60.56,14 Jan 2026 12:58:55 CET
iot-sn-a24,pallet03,32.44,14 Jan 2026 12:58:56 CET
iot-sn-a24,pallet01,58.95,14 Jan 2026 12:58:57 CET
iot-sn-a24,pallet03,108.75,14 Jan 2026 12:58:58 CET
iot-sn-a24,pallet02,31.73,14 Jan 2026 12:58:59 CET
iot-sn-a24,pallet02,97.18,14 Jan 2026 12:59:00 CET
iot-sn-a24,pallet02,80.96,14 Jan 2026 12:59:01 CET
iot-sn-a24,pallet02,54.13,14 Jan 2026 12:59:02 CET
iot-sn-a24,pallet02,54.2,14 Jan 2026 12:59:03 CET
iot-sn-a24,pallet01,94.51,14 Jan 2026 12:59:04 CET
iot-sn-a24,pallet01,71.78,14 Jan 2026 12:59:05 CET
iot-sn-a24,pallet02,68.58,14 Jan 2026 12:59:06 CET
iot-sn-a24,pallet01,43.08,14 Jan 2026 12:59:07 CET
iot-sn-a24,pallet03,68.27,14 Jan 2026 12:59:08 CET
iot-sn-a24,pallet03,47.02,14 Jan 2026 12:59:09 CET
iot-sn-a24,pallet01,107.71,14 Jan 2026 12:59:10 CET
iot-sn-a24,pallet01,81.12,14 Jan 2026 12:59:11 CET
iot-sn-a24,pallet01,91.73,14 Jan 2026 12:59:12 CET
iot-sn-a24,pallet02,94.23,14 Jan 2026 12:59:13 CET
iot-sn-a24,pallet01,102.77,14 Jan 2026 12:59:14 CET
iot-sn-a24,pallet03,55.11,14 Jan 2026 12:59:15 CET
iot-sn-a24,pallet01,84.69,14 Jan 2026 12:59:16 CET
iot-sn-a24,pallet01,46.49,14 Jan 2026 12:59:17 CET
iot-sn-a24,pallet02,108.99,14 Jan 2026 12:59:18 CET
iot-sn-a24,pallet01,79.9,14 Jan 2026 12:59:19 CET
iot-sn-a24,pallet02,64.85,14 Jan 2026 12:59:20 CET
iot-sn-a24,pallet01,94.32,14 Jan 2026 12:59:21 CET
iot-sn-a24,pallet03,108.45,14 Jan 2026 12:59:22 CET
iot-sn-a24,pallet02,92.01,14 Jan 2026 12:59:23 CET
iot-sn-a24,pallet01,99.71,14 Jan 2026 12:59:24 CET
iot-sn-a24,pallet02,98.7,14 Jan 2026 12:59:25 CET
iot-sn-a24,pallet01,86.57,14 Jan 2026 12:59:26 CET
iot-sn-a24,pallet01,75.45,14 Jan 2026 12:59:27 CET
iot-sn-a24,pallet02,79.08,14 Jan 2026 12:59:28 CET
iot-sn-a24,pallet02,95.72,14 Jan 2026 12:59:29 CET
iot-sn-a24,pallet02,49.13,14 Jan 2026 12:59:30 CET
iot-sn-a24,pallet03,69.21,14 Jan 2026 12:59:31 CET
iot-sn-a24,pallet02,34.32,14 Jan 2026 12:59:32 CET
iot-sn-a24,pallet03,68.47,14 Jan 2026 12:59:33 CET
iot-sn-a24,pallet01,46.23,14 Jan 2026 12:59:34 CET
iot-sn-a24,pallet02,80.76,14 Jan 2026 12:59:35 CET
iot-sn-a24,pallet03,54.94,14 Jan 2026 12:59:36 CET
iot-sn-a24,pallet03,53.96,14 Jan 2026 12:59:37 CET
iot-sn-a24,pallet01,75.95,14 Jan 2026 12:59:38 CET
iot-sn-a24,pallet02,54.06,14 Jan 2026 12:59:39 CET
iot-sn-a24,pallet03,79.31,14 Jan 2026 12:59:40 CET
iot-sn-a24,pallet03,81.0,14 Jan 2026 12:59:41 CET
iot-sn-a24,pallet03,86.08,14 Jan 2026 12:59:42 CET
iot-sn-a24,pallet02,87.34,14 Jan 2026 12:59:43 CET
iot-sn-a24,pallet03,55.96,14 Jan 2026 12:59:44 CET
iot-sn-a24,pallet02,90.5,14 Jan 2026 12:59:45 CET
iot-sn-a24,pallet02,49.54,14 Jan 2026 12:59:46 CET
iot-sn-a24,pallet03,79.05,14 Jan 2026 12:59:47 CET
iot-sn-a24,pallet02,63.76,14 Jan 2026 12:59:48 CET
iot-sn-a24,pallet03,71.7,14 Jan 2026 12:59:49 CET
iot-sn-a24,pallet03,63.05,14 Jan 2026 12:59:50 CET
iot-sn-a24,pallet02,49.42,14 Jan 2026 12:59:51 CET
iot-sn-a24,pallet03,69.14,14 Jan 2026 12:59:52 CET
iot-sn-a24,pallet01,102.23,14 Jan 2026 12:59:53 CET
iot-sn-a24,pallet02,89.04,14 Jan 2026 12:59:54 CET
iot-sn-a24,pallet03,45.18,14 Jan 2026 12:59:55 CET
iot-sn-a24,pallet02,38.56,14 Jan 2026 12:59:56 CET
iot-sn-a24,pallet01,106.54,14 Jan 2026 12:59:57 CET
iot-sn-a24,pallet03,32.15,14 Jan 2026 12:59:58 CET
iot-sn-a24,pallet02,89.4,14 Jan 2026 12:59:59 CET
iot-sn-a24,pallet03,108.4,14 Jan 2026 13:00:00 CET
iot-sn-a24,pallet02,74.65,14 Jan 2026 13:00:01 CET
iot-sn-a24,pallet01,101.18,14 Jan 2026 13:00:02 CET
iot-sn-a24,pallet02,93.15,14 Jan 2026 13:00:03 CET
iot-sn-a24,pallet03,69.36,14 Jan 2026 13:00:04 CET
iot-sn-a24,pallet03,68.54,14 Jan 2026 13:00:05 CET
iot-sn-a24,pallet01,84.78,14 Jan 2026 13:00:06 CET
iot-sn-a24,pallet02,105.1,14 Jan 2026 13:00:07 CET
iot-sn-a24,pallet03,102.13,14 Jan 2026 13:00:08 CET
iot-sn-a24,pallet01,39.85,14 Jan 2026 13:00:09 CET
iot-sn-a24,pallet01,32.57,14 Jan 2026 13:00:10 CET
iot-sn-a24,pallet03,51.06,14 Jan 2026 13:00:11 CET
iot-sn-a24,pallet01,62.75,14 Jan 2026 13:00:12 CET
iot-sn-a24,pallet01,65.9,14 Jan 2026 13:00:13 CET
iot-sn-a24,pallet02,47.7,14 Jan 2026 13:00:14 CET
iot-sn-a24,pallet01,73.32,14 Jan 2026 13:00:15 CET
iot-sn-a24,pallet02,53.92,14 Jan 2026 13:00:16 CET
iot-sn-a24,pallet02,52.55,14 Jan 2026 13:00:17 CET
iot-sn-a24,pallet02,75.94,14 Jan 2026 13:00:18 CET
iot-sn-a24,pallet03,87.79,14 Jan 2026 13:00:19 CET
iot-sn-a24,pallet03,38.5,14 Jan 2026 13:00:20 CET
iot-sn-a24,pallet03,79.12,14 Jan 2026 13:00:21 CET
iot-sn-a24,pallet02,95.8,14 Jan 2026 13:00:22 CET
iot-sn-a24,pallet02,89.49,14 Jan 2026 13:00:23 CET
iot-sn-a24,pallet01,52.44,14 Jan 2026 13:00:24 CET
iot-sn-a24,pallet02,96.37,14 Jan 2026 13:00:25 CET
iot-sn-a24,pallet03,67.42,14 Jan 2026 13:00:26 CET
iot-sn-a24,pallet03,93.04,14 Jan 2026 13:00:27 CET
iot-sn-a24,pallet01,52.19,14 Jan 2026 13:00:28 CET
iot-sn-a24,pallet02,49.31,14 Jan 2026 13:00:29 CET
iot-sn-a24,pallet02,31.49,14 Jan 2026 13:00:30 CET
iot-sn-a24,pallet03,49.99,14 Jan 2026 13:00:31 CET
iot-sn-a24,pallet02,59.61,14 Jan 2026 13:00:32 CET
iot-sn-a24,pallet02,88.33,14 Jan 2026 13:00:33 CET
iot-sn-a24,pallet03,39.17,14 Jan 2026 13:00:34 CET
iot-sn-a24,pallet01,50.46,14 Jan 2026 13:00:35 CET
iot-sn-a24,pallet03,92.62,14 Jan 2026 13:00:36 CET
iot-sn-a24,pallet02,74.5,14 Jan 2026 13:00:37 CET
iot-sn-a24,pallet02,76.62,14 Jan 2026 13:00:38 CET
iot-sn-a24,pallet02,85.64,14 Jan 2026 13:00:39 CET
iot-sn-a24,pallet03,87.08,14 Jan 2026 13:00:40 CET
iot-sn-a24,pallet03,52.17,14 Jan 2026 13:00:41 CET
iot-sn-a24,pallet01,84.97,14 Jan 2026 13:00:42 CET
iot-sn-a24,pallet01,87.23,14 Jan 2026 13:00:43 CET
iot-sn-a24,pallet03,98.37,14 Jan 2026 13:00:44 CET
iot-sn-a24,pallet01,103.37,14 Jan 2026 13:00:45 CET
iot-sn-a24,pallet02,75.88,14 Jan 2026 13:00:46 CET
iot-sn-a24,pallet02,95.89,14 Jan 2026 13:00:47 CET
iot-sn-a24,pallet03,108.42,14 Jan 2026 13:00:48 CET
iot-sn-a24,pallet01,45.85,14 Jan 2026 13:00:49 CET
iot-sn-a24,pallet03,54.24,14 Jan 2026 13:00:50 CET
iot-sn-a24,pallet03,45.9,14 Jan 2026 13:00:51 CET
iot-sn-a24,pallet01,32.92,14 Jan 2026 13:00:52 CET
iot-sn-a24,pallet03,34.9,14 Jan 2026 13:00:53 CET
iot-sn-a24,pallet02,100.25,14 Jan 2026 13:00:54 CET
iot-sn-a24,pallet02,56.27,14 Jan 2026 13:00:55 CET
iot-sn-a24,pallet03,95.39,14 Jan 2026 13:00:56 CET
iot-sn-a24,pallet02,78.84,14 Jan 2026 13:00:57 CET
iot-sn-a24,pallet02,88.68,14 Jan 2026 13:00:58 CET
iot-sn-a24,pallet01,81.33,14 Jan 2026 13:00:59 CET
iot-sn-a24,pallet02,73.03,14 Jan 2026 13:01:00 CET
iot-sn-a24,pallet03,74.02,14 Jan 2026 13:01:01 CET
iot-sn-a24,pallet03,44.14,14 Jan 2026 13:01:02 CET
iot-sn-a24,pallet03,67.68,14 Jan 2026 13:01:03 CET
iot-sn-a24,pallet02,52.51,14 Jan 2026 13:01:04 CET
iot-sn-a24,pallet02,82.77,14 Jan 2026 13:01:05 CET
iot-sn-a24,pallet01,61.89,14 Jan 2026 13:01:06 CET
iot-sn-a24,pallet03,45.92,14 Jan 2026 13:01:07 CET
iot-sn-a24,pallet02,88.71,14 Jan 2026 13:01:08 CET
iot-sn-a24,pallet02,33.66,14 Jan 2026 13:01:09 CET
iot-sn-a24,pallet01,91.29,14 Jan 2026 13:01:10 CET
iot-sn-a24,pallet02,80.11,14 Jan 2026 13:01:11 CET
iot-sn-a24,pallet02,45.23,14 Jan 2026 13:01:12 CET
iot-sn-a24,pallet03,108.73,14 Jan 2026 13:01:13 CET
iot-sn-a24,pallet01,88.41,14 Jan 2026 13:01:14 CET
iot-sn-a24,pallet02,101.83,14 Jan 2026 13:01:16 CET
iot-sn-a24,pallet01,30.47,14 Jan 2026 13:01:17 CET
iot-sn-a24,pallet03,34.7,14 Jan 2026 13:01:18 CET
iot-sn-a24,pallet01,65.91,14 Jan 2026 13:01:19 CET
iot-sn-a24,pallet01,81.96,14 Jan 2026 13:01:20 CET
iot-sn-a24,pallet01,65.31,14 Jan 2026 13:01:21 CET
iot-sn-a24,pallet02,73.94,14 Jan 2026 13:01:22 CET
iot-sn-a24,pallet02,63.5,14 Jan 2026 13:01:23 CET
iot-sn-a24,pallet01,47.44,14 Jan 2026 13:01:24 CET
iot-sn-a24,pallet01,72.18,14 Jan 2026 13:01:25 CET
iot-sn-a24,pallet02,100.68,14 Jan 2026 13:01:26 CET
iot-sn-a24,pallet01,45.75,14 Jan 2026 13:01:27 CET
iot-sn-a24,pallet03,55.94,14 Jan 2026 13:01:28 CET
iot-sn-a24,pallet01,61.0,14 Jan 2026 13:01:29 CET
iot-sn-a24,pallet02,78.1,14 Jan 2026 13:01:30 CET
iot-sn-a24,pallet01,52.44,14 Jan 2026 13:01:31 CET
iot-sn-a24,pallet02,102.64,14 Jan 2026 13:01:32 CET
iot-sn-a24,pallet03,69.19,14 Jan 2026 13:01:33 CET
iot-sn-a24,pallet02,103.11,14 Jan 2026 13:01:34 CET
iot-sn-a24,pallet03,32.22,14 Jan 2026 13:01:35 CET
iot-sn-a24,pallet03,80.49,14 Jan 2026 13:01:36 CET
iot-sn-a24,pallet03,91.29,14 Jan 2026 13:01:37 CET
iot-sn-a24,pallet03,65.54,14 Jan 2026 13:01:38 CET
iot-sn-a24,pallet01,48.45,14 Jan 2026 13:01:39 CET
iot-sn-a24,pallet03,39.86,14 Jan 2026 13:01:40 CET
iot-sn-a24,pallet02,91.94,14 Jan 2026 13:01:41 CET
iot-sn-a24,pallet03,53.43,14 Jan 2026 13:01:42 CET
iot-sn-a24,pallet01,61.43,14 Jan 2026 13:01:43 CET
iot-sn-a24,pallet03,94.64,14 Jan 2026 13:01:44 CET
iot-sn-a24,pallet02,47.0,14 Jan 2026 13:01:45 CET
iot-sn-a24,pallet01,73.63,14 Jan 2026 13:01:46 CET
iot-sn-a24,pallet01,71.07,14 Jan 2026 13:01:47 CET
iot-sn-a24,pallet03,84.88,14 Jan 2026 13:01:48 CET
iot-sn-a24,pallet02,85.81,14 Jan 2026 13:01:49 CET
iot-sn-a24,pallet01,31.51,14 Jan 2026 13:01:50 CET
iot-sn-a24,pallet01,74.57,14 Jan 2026 13:01:51 CET
iot-sn-a24,pallet03,41.22,14 Jan 2026 13:01:52 CET
iot-sn-a24,pallet03,85.08,14 Jan 2026 13:01:53 CET
iot-sn-a24,pallet02,59.84,14 Jan 2026 13:01:54 CET
iot-sn-a24,pallet01,67.69,14 Jan 2026 13:01:55 CET
iot-sn-a24,pallet03,34.82,14 Jan 2026 13:01:56 CET
iot-sn-a24,pallet01,86.25,14 Jan 2026 13:01:57 CET
iot-sn-a24,pallet03,48.19,14 Jan 2026 13:01:58 CET
iot-sn-a24,pallet03,85.85,14 Jan 2026 13:01:59 CET
iot-sn-a24,pallet02,89.18,14 Jan 2026 13:02:00 CET
iot-sn-a24,pallet03,87.1,14 Jan 2026 13:02:01 CET
iot-sn-a24,pallet03,92.25,14 Jan 2026 13:02:02 CET
iot-sn-a24,pallet02,66.26,14 Jan 2026 13:02:03 CET
iot-sn-a24,pallet03,78.77,14 Jan 2026 13:02:04 CET
iot-sn-a24,pallet01,94.92,14 Jan 2026 13:02:05 CET
iot-sn-a24,pallet01,102.08,14 Jan 2026 13:02:06 CET
iot-sn-a24,pallet02,31.31,14 Jan 2026 13:02:07 CET
iot-sn-a24,pallet03,67.72,14 Jan 2026 13:02:08 CET
iot-sn-a24,pallet01,63.71,14 Jan 2026 13:02:09 CET
iot-sn-a24,pallet03,105.64,14 Jan 2026 13:02:10 CET
iot-sn-a24,pallet02,86.08,14 Jan 2026 13:02:11 CET
iot-sn-a24,pallet02,90.24,14 Jan 2026 13:02:12 CET
iot-sn-a24,pallet02,46.79,14 Jan 2026 13:02:13 CET
iot-sn-a24,pallet03,102.31,14 Jan 2026 13:02:14 CET
iot-sn-a24,pallet01,83.2,14 Jan 2026 13:02:15 CET
iot-sn-a24,pallet03,98.53,14 Jan 2026 13:02:16 CET
iot-sn-a24,pallet02,83.26,14 Jan 2026 13:02:17 CET
iot-sn-a24,pallet01,34.87,14 Jan 2026 13:02:18 CET
iot-sn-a24,pallet03,89.62,14 Jan 2026 13:02:19 CET
iot-sn-a24,pallet02,41.32,14 Jan 2026 13:02:20 CET
iot-sn-a24,pallet02,87.4,14 Jan 2026 13:02:21 CET
iot-sn-a24,pallet01,48.47,14 Jan 2026 13:02:22 CET
iot-sn-a24,pallet01,100.46,14 Jan 2026 13:02:23 CET
iot-sn-a24,pallet02,103.65,14 Jan 2026 13:02:24 CET
iot-sn-a24,pallet02,59.78,14 Jan 2026 13:02:25 CET
iot-sn-a24,pallet01,74.52,14 Jan 2026 13:02:26 CET
iot-sn-a24,pallet02,100.35,14 Jan 2026 13:02:27 CET
iot-sn-a24,pallet02,50.78,14 Jan 2026 13:02:28 CET
iot-sn-a24,pallet01,50.82,14 Jan 2026 13:02:29 CET
iot-sn-a24,pallet03,93.98,14 Jan 2026 13:02:30 CET
iot-sn-a24,pallet02,59.37,14 Jan 2026 13:02:31 CET
iot-sn-a24,pallet02,30.38,14 Jan 2026 13:02:32 CET
iot-sn-a24,pallet01,80.09,14 Jan 2026 13:02:33 CET
iot-sn-a24,pallet01,104.9,14 Jan 2026 13:02:34 CET
iot-sn-a24,pallet02,39.48,14 Jan 2026 13:02:35 CET
iot-sn-a24,pallet01,73.59,14 Jan 2026 13:02:36 CET
iot-sn-a24,pallet01,71.83,14 Jan 2026 13:02:37 CET
iot-sn-a24,pallet01,41.21,14 Jan 2026 13:02:38 CET
iot-sn-a24,pallet01,89.72,14 Jan 2026 13:02:39 CET
iot-sn-a24,pallet01,32.35,14 Jan 2026 13:02:40 CET
iot-sn-a24,pallet02,64.66,14 Jan 2026 13:02:41 CET
iot-sn-a24,pallet03,80.29,14 Jan 2026 13:02:42 CET
iot-sn-a24,pallet02,35.53,14 Jan 2026 13:02:43 CET
iot-sn-a24,pallet03,91.3,14 Jan 2026 13:02:44 CET
iot-sn-a24,pallet01,55.71,14 Jan 2026 13:02:45 CET
iot-sn-a24,pallet03,32.39,14 Jan 2026 13:02:46 CET
iot-sn-a24,pallet02,31.06,14 Jan 2026 13:02:47 CET
iot-sn-a24,pallet02,30.66,14 Jan 2026 13:02:48 CET
iot-sn-a24,pallet03,92.11,14 Jan 2026 13:02:49 CET
iot-sn-a24,pallet02,64.1,14 Jan 2026 13:02:50 CET
iot-sn-a24,pallet01,50.27,14 Jan 2026 13:02:51 CET
iot-sn-a24,pallet03,103.58,14 Jan 2026 13:02:52 CET
iot-sn-a24,pallet03,34.94,14 Jan 2026 13:02:53 CET
iot-sn-a24,pallet03,95.9,14 Jan 2026 13:02:54 CET
iot-sn-a24,pallet02,87.03,14 Jan 2026 13:02:55 CET
iot-sn-a24,pallet02,40.66,14 Jan 2026 13:02:56 CET
iot-sn-a24,pallet03,43.55,14 Jan 2026 13:02:57 CET
iot-sn-a24,pallet02,60.05,14 Jan 2026 13:02:58 CET
iot-sn-a24,pallet01,73.86,14 Jan 2026 13:02:59 CET
iot-sn-a24,pallet03,56.63,14 Jan 2026 13:03:00 CET
iot-sn-a24,pallet01,35.38,14 Jan 2026 13:03:01 CET
iot-sn-a24,pallet02,67.16,14 Jan 2026 13:03:02 CET
iot-sn-a24,pallet03,76.57,14 Jan 2026 13:03:03 CET
iot-sn-a24,pallet01,77.42,14 Jan 2026 13:03:04 CET
iot-sn-a24,pallet01,97.29,14 Jan 2026 13:03:05 CET
iot-sn-a24,pallet01,57.48,14 Jan 2026 13:03:06 CET
iot-sn-a24,pallet02,105.36,14 Jan 2026 13:03:07 CET
iot-sn-a24,pallet02,92.22,14 Jan 2026 13:03:08 CET
iot-sn-a24,pallet01,41.66,14 Jan 2026 13:03:09 CET
iot-sn-a24,pallet03,75.55,14 Jan 2026 13:03:10 CET
iot-sn-a24,pallet01,36.86,14 Jan 2026 13:03:11 CET
iot-sn-a24,pallet01,93.98,14 Jan 2026 13:03:12 CET
iot-sn-a24,pallet01,95.67,14 Jan 2026 13:03:13 CET
iot-sn-a24,pallet02,62.7,14 Jan 2026 13:03:14 CET
iot-sn-a24,pallet02,102.31,14 Jan 2026 13:03:15 CET
iot-sn-a24,pallet01,76.06,14 Jan 2026 13:03:16 CET
iot-sn-a24,pallet02,57.84,14 Jan 2026 13:03:17 CET
iot-sn-a24,pallet03,30.0,14 Jan 2026 13:03:18 CET
iot-sn-a24,pallet03,61.27,14 Jan 2026 13:03:19 CET
iot-sn-a24,pallet03,80.26,14 Jan 2026 13:03:20 CET
iot-sn-a24,pallet03,108.11,14 Jan 2026 13:03:21 CET
iot-sn-a24,pallet03,58.96,14 Jan 2026 13:03:22 CET
iot-sn-a24,pallet01,30.2,14 Jan 2026 13:03:23 CET
iot-sn-a24,pallet02,104.24,14 Jan 2026 13:03:24 CET
iot-sn-a24,pallet01,69.38,14 Jan 2026 13:03:25 CET
iot-sn-a24,pallet03,97.27,14 Jan 2026 13:03:26 CET
iot-sn-a24,pallet01,41.03,14 Jan 2026 13:03:27 CET
iot-sn-a24,pallet03,82.65,14 Jan 2026 13:03:28 CET
iot-sn-a24,pallet02,104.71,14 Jan 2026 13:03:29 CET
iot-sn-a24,pallet03,96.63,14 Jan 2026 13:03:30 CET
iot-sn-a24,pallet01,108.08,14 Jan 2026 13:03:31 CET
iot-sn-a24,pallet01,34.54,14 Jan 2026 13:03:32 CET
iot-sn-a24,pallet02,102.99,14 Jan 2026 13:03:33 CET
iot-sn-a24,pallet01,38.84,14 Jan 2026 13:03:34 CET
iot-sn-a24,pallet03,64.27,14 Jan 2026 13:03:35 CET
iot-sn-a24,pallet02,106.84,14 Jan 2026 13:03:36 CET
iot-sn-a24,pallet01,80.63,14 Jan 2026 13:03:37 CET
iot-sn-a24,pallet01,33.85,14 Jan 2026 13:03:38 CET
iot-sn-a24,pallet01,37.45,14 Jan 2026 13:03:39 CET
iot-sn-a24,pallet01,47.24,14 Jan 2026 13:03:40 CET
iot-sn-a24,pallet02,61.79,14 Jan 2026 13:03:41 CET
iot-sn-a24,pallet01,106.12,14 Jan 2026 13:03:42 CET
iot-sn-a24,pallet03,108.31,14 Jan 2026 13:03:43 CET
iot-sn-a24,pallet02,49.0,14 Jan 2026 13:03:44 CET
iot-sn-a24,pallet03,62.54,14 Jan 2026 13:03:45 CET
iot-sn-a24,pallet02,49.67,14 Jan 2026 13:03:47 CET
iot-sn-a24,pallet02,94.25,14 Jan 2026 13:03:48 CET
iot-sn-a24,pallet02,55.92,14 Jan 2026 13:03:49 CET
iot-sn-a24,pallet02,79.16,14 Jan 2026 13:03:50 CET
iot-sn-a24,pallet02,57.73,14 Jan 2026 13:03:51 CET
iot-sn-a24,pallet02,102.19,14 Jan 2026 13:03:52 CET
iot-sn-a24,pallet02,102.8,14 Jan 2026 13:03:53 CET
iot-sn-a24,pallet02,95.26,14 Jan 2026 13:03:54 CET
iot-sn-a24,pallet02,97.05,14 Jan 2026 13:03:55 CET
iot-sn-a24,pallet02,94.68,14 Jan 2026 13:03:56 CET
iot-sn-a24,pallet01,89.79,14 Jan 2026 13:03:57 CET
iot-sn-a24,pallet01,68.95,14 Jan 2026 13:03:58 CET
iot-sn-a24,pallet01,94.51,14 Jan 2026 13:03:59 CET
iot-sn-a24,pallet01,34.19,14 Jan 2026 13:04:00 CET
iot-sn-a24,pallet02,52.2,14 Jan 2026 13:04:01 CET
iot-sn-a24,pallet01,93.49,14 Jan 2026 13:04:02 CET
iot-sn-a24,pallet01,79.47,14 Jan 2026 13:04:03 CET
iot-sn-a24,pallet03,47.43,14 Jan 2026 13:04:04 CET
iot-sn-a24,pallet01,70.99,14 Jan 2026 13:04:05 CET
iot-sn-a24,pallet03,99.68,14 Jan 2026 13:04:06 CET
iot-sn-a24,pallet03,45.72,14 Jan 2026 13:04:07 CET
iot-sn-a24,pallet03,86.26,14 Jan 2026 13:04:08 CET
iot-sn-a24,pallet02,61.3,14 Jan 2026 13:04:09 CET
iot-sn-a24,pallet02,90.3,14 Jan 2026 13:04:10 CET
iot-sn-a24,pallet02,97.51,14 Jan 2026 13:04:11 CET
iot-sn-a24,pallet02,74.81,14 Jan 2026 13:04:12 CET
iot-sn-a24,pallet01,59.21,14 Jan 2026 13:04:13 CET
iot-sn-a24,pallet03,44.0,14 Jan 2026 13:04:14 CET
iot-sn-a24,pallet01,78.95,14 Jan 2026 13:04:15 CET
iot-sn-a24,pallet01,54.57,14 Jan 2026 13:04:16 CET
iot-sn-a24,pallet03,98.42,14 Jan 2026 13:04:17 CET
iot-sn-a24,pallet02,107.99,14 Jan 2026 13:04:18 CET
iot-sn-a24,pallet03,89.57,14 Jan 2026 13:04:19 CET
iot-sn-a24,pallet02,48.0,14 Jan 2026 13:04:20 CET
iot-sn-a24,pallet03,43.03,14 Jan 2026 13:04:21 CET
iot-sn-a24,pallet03,49.41,14 Jan 2026 13:04:22 CET
iot-sn-a24,pallet01,71.67,14 Jan 2026 13:04:23 CET
iot-sn-a24,pallet03,87.88,14 Jan 2026 13:04:24 CET
iot-sn-a24,pallet03,72.44,14 Jan 2026 13:04:25 CET
iot-sn-a24,pallet03,73.9,14 Jan 2026 13:04:26 CET
iot-sn-a24,pallet03,57.86,14 Jan 2026 13:04:27 CET
iot-sn-a24,pallet01,67.78,14 Jan 2026 13:04:28 CET
iot-sn-a24,pallet02,64.53,14 Jan 2026 13:04:29 CET
iot-sn-a24,pallet03,61.35,14 Jan 2026 13:04:30 CET
iot-sn-a24,pallet01,83.1,14 Jan 2026 13:04:31 CET
iot-sn-a24,pallet03,45.08,14 Jan 2026 13:04:32 CET
iot-sn-a24,pallet01,30.86,14 Jan 2026 13:04:33 CET
iot-sn-a24,pallet03,57.49,14 Jan 2026 13:04:34 CET
iot-sn-a24,pallet01,78.22,14 Jan 2026 13:04:35 CET
iot-sn-a24,pallet01,84.53,14 Jan 2026 13:04:36 CET
iot-sn-a24,pallet01,74.26,14 Jan 2026 13:04:37 CET
iot-sn-a24,pallet01,72.17,14 Jan 2026 13:04:38 CET
iot-sn-a24,pallet03,41.94,14 Jan 2026 13:04:39 CET
iot-sn-a24,pallet01,101.28,14 Jan 2026 13:04:40 CET
iot-sn-a24,pallet03,43.39,14 Jan 2026 13:04:41 CET
iot-sn-a24,pallet03,73.49,14 Jan 2026 13:04:42 CET
iot-sn-a24,pallet02,73.15,14 Jan 2026 13:04:43 CET
iot-sn-a24,pallet01,83.75,14 Jan 2026 13:04:44 CET
iot-sn-a24,pallet02,89.1,14 Jan 2026 13:04:45 CET
iot-sn-a24,pallet01,96.16,14 Jan 2026 13:04:46 CET
iot-sn-a24,pallet03,96.98,14 Jan 2026 13:04:47 CET
iot-sn-a24,pallet02,65.41,14 Jan 2026 13:04:48 CET
iot-sn-a24,pallet02,71.59,14 Jan 2026 13:04:49 CET
iot-sn-a24,pallet02,39.54,14 Jan 2026 13:04:50 CET
iot-sn-a24,pallet03,72.66,14 Jan 2026 13:04:51 CET
iot-sn-a24,pallet02,63.4,14 Jan 2026 13:04:52 CET
iot-sn-a24,pallet03,69.46,14 Jan 2026 13:04:53 CET
iot-sn-a24,pallet01,34.16,14 Jan 2026 13:04:54 CET
iot-sn-a24,pallet01,98.8,14 Jan 2026 13:04:55 CET
iot-sn-a24,pallet02,64.78,14 Jan 2026 13:04:56 CET
iot-sn-a24,pallet03,80.39,14 Jan 2026 13:04:57 CET
iot-sn-a24,pallet03,90.02,14 Jan 2026 13:04:58 CET
iot-sn-a24,pallet02,60.35,14 Jan 2026 13:04:59 CET
iot-sn-a24,pallet03,71.45,14 Jan 2026 13:05:00 CET
iot-sn-a24,pallet01,30.23,14 Jan 2026 13:05:01 CET
iot-sn-a24,pallet01,65.21,14 Jan 2026 13:05:02 CET
iot-sn-a24,pallet01,54.04,14 Jan 2026 13:05:03 CET
iot-sn-a24,pallet01,38.36,14 Jan 2026 13:05:04 CET
iot-sn-a24,pallet02,33.87,14 Jan 2026 13:05:05 CET
iot-sn-a24,pallet03,98.46,14 Jan 2026 13:05:06 CET
iot-sn-a24,pallet01,60.25,14 Jan 2026 13:05:07 CET
iot-sn-a24,pallet02,71.49,14 Jan 2026 13:05:08 CET
iot-sn-a24,pallet01,82.3,14 Jan 2026 13:05:09 CET
iot-sn-a24,pallet03,95.17,14 Jan 2026 13:05:10 CET
iot-sn-a24,pallet01,79.83,14 Jan 2026 13:05:11 CET
iot-sn-a24,pallet02,73.57,14 Jan 2026 13:05:12 CET
iot-sn-a24,pallet03,76.57,14 Jan 2026 13:05:13 CET
iot-sn-a24,pallet01,103.71,14 Jan 2026 13:05:14 CET
iot-sn-a24,pallet03,90.61,14 Jan 2026 13:05:15 CET
iot-sn-a24,pallet03,105.62,14 Jan 2026 13:05:16 CET
iot-sn-a24,pallet03,58.79,14 Jan 2026 13:05:17 CET
iot-sn-a24,pallet03,109.69,14 Jan 2026 13:05:18 CET
iot-sn-a24,pallet02,32.63,14 Jan 2026 13:05:19 CET
iot-sn-a24,pallet03,96.14,14 Jan 2026 13:05:20 CET
iot-sn-a24,pallet03,44.43,14 Jan 2026 13:05:21 CET
iot-sn-a24,pallet01,67.24,14 Jan 2026 13:05:22 CET
iot-sn-a24,pallet02,66.39,14 Jan 2026 13:05:23 CET
iot-sn-a24,pallet01,51.98,14 Jan 2026 13:05:24 CET
iot-sn-a24,pallet01,106.26,14 Jan 2026 13:05:25 CET
iot-sn-a24,pallet02,103.68,14 Jan 2026 13:05:26 CET
iot-sn-a24,pallet01,35.79,14 Jan 2026 13:05:27 CET
iot-sn-a24,pallet02,64.28,14 Jan 2026 13:05:28 CET
iot-sn-a24,pallet01,104.55,14 Jan 2026 13:05:29 CET
iot-sn-a24,pallet02,58.88,14 Jan 2026 13:05:30 CET
iot-sn-a24,pallet02,72.92,14 Jan 2026 13:05:31 CET
iot-sn-a24,pallet02,80.12,14 Jan 2026 13:05:32 CET
iot-sn-a24,pallet01,33.7,14 Jan 2026 13:05:33 CET
iot-sn-a24,pallet03,66.93,14 Jan 2026 13:05:34 CET
iot-sn-a24,pallet02,54.57,14 Jan 2026 13:05:35 CET
iot-sn-a24,pallet02,87.57,14 Jan 2026 13:05:36 CET
iot-sn-a24,pallet03,88.62,14 Jan 2026 13:05:37 CET
iot-sn-a24,pallet01,67.53,14 Jan 2026 13:05:38 CET
iot-sn-a24,pallet03,49.5,14 Jan 2026 13:05:39 CET
iot-sn-a24,pallet03,78.22,14 Jan 2026 13:05:40 CET
iot-sn-a24,pallet03,49.43,14 Jan 2026 13:05:41 CET
iot-sn-a24,pallet03,67.03,14 Jan 2026 13:05:42 CET
iot-sn-a24,pallet03,47.05,14 Jan 2026 13:05:43 CET
iot-sn-a24,pallet01,44.43,14 Jan 2026 13:05:44 CET
iot-sn-a24,pallet01,71.39,14 Jan 2026 13:05:45 CET
iot-sn-a24,pallet01,96.43,14 Jan 2026 13:05:46 CET
iot-sn-a24,pallet01,69.84,14 Jan 2026 13:05:47 CET
iot-sn-a24,pallet03,33.1,14 Jan 2026 13:05:48 CET
iot-sn-a24,pallet03,38.57,14 Jan 2026 13:05:50 CET
iot-sn-a24,pallet02,66.03,14 Jan 2026 13:05:51 CET
iot-sn-a24,pallet01,54.01,14 Jan 2026 13:05:52 CET
iot-sn-a24,pallet03,104.57,14 Jan 2026 13:05:53 CET
iot-sn-a24,pallet01,103.32,14 Jan 2026 13:05:54 CET
iot-sn-a24,pallet01,83.99,14 Jan 2026 13:05:55 CET
iot-sn-a24,pallet02,46.5,14 Jan 2026 13:05:56 CET
iot-sn-a24,pallet02,50.03,14 Jan 2026 13:05:57 CET
iot-sn-a24,pallet03,81.45,14 Jan 2026 13:05:58 CET
iot-sn-a24,pallet01,44.48,14 Jan 2026 13:05:59 CET
iot-sn-a24,pallet03,101.01,14 Jan 2026 13:06:00 CET
iot-sn-a24,pallet02,35.05,14 Jan 2026 13:06:01 CET
iot-sn-a24,pallet01,63.46,14 Jan 2026 13:06:02 CET
iot-sn-a24,pallet02,49.99,14 Jan 2026 13:06:03 CET
iot-sn-a24,pallet02,32.54,14 Jan 2026 13:06:04 CET
iot-sn-a24,pallet01,36.88,14 Jan 2026 13:06:05 CET
iot-sn-a24,pallet03,55.7,14 Jan 2026 13:06:06 CET
iot-sn-a24,pallet02,100.82,14 Jan 2026 13:06:07 CET
iot-sn-a24,pallet03,93.47,14 Jan 2026 13:06:08 CET
iot-sn-a24,pallet02,76.01,14 Jan 2026 13:06:09 CET
iot-sn-a24,pallet02,64.8,14 Jan 2026 13:06:10 CET
iot-sn-a24,pallet02,49.12,14 Jan 2026 13:06:11 CET
iot-sn-a24,pallet02,80.62,14 Jan 2026 13:06:12 CET
iot-sn-a24,pallet03,55.1,14 Jan 2026 13:06:13 CET
iot-sn-a24,pallet01,33.78,14 Jan 2026 13:06:14 CET
iot-sn-a24,pallet03,33.36,14 Jan 2026 13:06:15 CET
iot-sn-a24,pallet01,49.61,14 Jan 2026 13:06:16 CET
iot-sn-a24,pallet02,73.89,14 Jan 2026 13:06:17 CET
iot-sn-a24,pallet03,53.37,14 Jan 2026 13:06:18 CET
iot-sn-a24,pallet02,74.89,14 Jan 2026 13:06:19 CET
iot-sn-a24,pallet03,44.25,14 Jan 2026 13:06:20 CET
iot-sn-a24,pallet03,97.28,14 Jan 2026 13:06:21 CET
iot-sn-a24,pallet02,87.88,14 Jan 2026 13:06:22 CET
iot-sn-a24,pallet02,46.57,14 Jan 2026 13:06:23 CET
iot-sn-a24,pallet03,106.52,14 Jan 2026 13:06:24 CET
iot-sn-a24,pallet01,80.57,14 Jan 2026 13:06:25 CET
iot-sn-a24,pallet02,108.08,14 Jan 2026 13:06:26 CET
iot-sn-a24,pallet02,94.56,14 Jan 2026 13:06:27 CET
iot-sn-a24,pallet02,72.36,14 Jan 2026 13:06:28 CET
iot-sn-a24,pallet01,84.28,14 Jan 2026 13:06:29 CET
iot-sn-a24,pallet02,90.53,14 Jan 2026 13:06:30 CET
iot-sn-a24,pallet02,62.02,14 Jan 2026 13:06:31 CET
iot-sn-a24,pallet03,85.1,14 Jan 2026 13:06:32 CET
iot-sn-a24,pallet01,92.57,14 Jan 2026 13:06:33 CET
iot-sn-a24,pallet01,47.43,14 Jan 2026 13:06:34 CET
iot-sn-a24,pallet03,72.17,14 Jan 2026 13:06:35 CET
iot-sn-a24,pallet02,73.71,14 Jan 2026 13:06:36 CET
iot-sn-a24,pallet01,64.76,14 Jan 2026 13:06:37 CET
iot-sn-a24,pallet03,108.57,14 Jan 2026 13:06:38 CET
iot-sn-a24,pallet01,75.5,14 Jan 2026 13:06:39 CET
iot-sn-a24,pallet01,79.16,14 Jan 2026 13:06:40 CET
iot-sn-a24,pallet03,93.07,14 Jan 2026 13:06:41 CET
iot-sn-a24,pallet01,42.56,14 Jan 2026 13:06:42 CET
iot-sn-a24,pallet02,63.2,14 Jan 2026 13:06:43 CET
iot-sn-a24,pallet02,74.42,14 Jan 2026 13:06:44 CET
iot-sn-a24,pallet01,48.58,14 Jan 2026 13:06:45 CET
iot-sn-a24,pallet03,73.93,14 Jan 2026 13:06:46 CET
iot-sn-a24,pallet03,55.84,14 Jan 2026 13:06:47 CET
iot-sn-a24,pallet02,82.98,14 Jan 2026 13:06:48 CET
iot-sn-a24,pallet02,72.97,14 Jan 2026 13:06:49 CET
iot-sn-a24,pallet01,50.32,14 Jan 2026 13:06:50 CET
iot-sn-a24,pallet01,77.57,14 Jan 2026 13:06:51 CET
iot-sn-a24,pallet03,31.74,14 Jan 2026 13:06:52 CET
iot-sn-a24,pallet02,47.57,14 Jan 2026 13:06:53 CET
iot-sn-a24,pallet02,97.58,14 Jan 2026 13:06:54 CET
iot-sn-a24,pallet02,62.73,14 Jan 2026 13:06:55 CET
iot-sn-a24,pallet03,86.56,14 Jan 2026 13:06:56 CET
iot-sn-a24,pallet03,67.2,14 Jan 2026 13:06:57 CET
iot-sn-a24,pallet03,91.52,14 Jan 2026 13:06:58 CET
iot-sn-a24,pallet03,95.5,14 Jan 2026 13:06:59 CET
iot-sn-a24,pallet01,64.84,14 Jan 2026 13:07:00 CET
iot-sn-a24,pallet03,77.73,14 Jan 2026 13:07:01 CET
iot-sn-a24,pallet03,30.13,14 Jan 2026 13:07:02 CET
iot-sn-a24,pallet03,51.17,14 Jan 2026 13:07:03 CET
iot-sn-a24,pallet02,95.05,14 Jan 2026 13:07:04 CET
iot-sn-a24,pallet01,84.2,14 Jan 2026 13:07:05 CET
iot-sn-a24,pallet02,86.78,14 Jan 2026 13:07:06 CET
iot-sn-a24,pallet02,52.23,14 Jan 2026 13:07:07 CET
iot-sn-a24,pallet01,33.72,14 Jan 2026 13:07:08 CET
iot-sn-a24,pallet03,53.98,14 Jan 2026 13:07:09 CET
iot-sn-a24,pallet01,50.93,14 Jan 2026 13:07:10 CET
iot-sn-a24,pallet02,70.96,14 Jan 2026 13:07:11 CET
iot-sn-a24,pallet03,99.68,14 Jan 2026 13:07:12 CET
iot-sn-a24,pallet01,50.04,14 Jan 2026 13:07:13 CET
iot-sn-a24,pallet01,97.6,14 Jan 2026 13:07:14 CET
iot-sn-a24,pallet01,98.04,14 Jan 2026 13:07:15 CET
iot-sn-a24,pallet01,97.06,14 Jan 2026 13:07:16 CET
iot-sn-a24,pallet03,100.33,14 Jan 2026 13:07:17 CET
iot-sn-a24,pallet01,105.42,14 Jan 2026 13:07:18 CET
iot-sn-a24,pallet03,75.72,14 Jan 2026 13:07:19 CET
iot-sn-a24,pallet02,48.52,14 Jan 2026 13:07:20 CET
iot-sn-a24,pallet03,36.71,14 Jan 2026 13:07:21 CET
iot-sn-a24,pallet02,78.28,14 Jan 2026 13:07:22 CET
iot-sn-a24,pallet01,62.46,14 Jan 2026 13:07:23 CET
iot-sn-a24,pallet01,109.3,14 Jan 2026 13:07:24 CET
iot-sn-a24,pallet01,51.14,14 Jan 2026 13:07:25 CET
iot-sn-a24,pallet01,42.36,14 Jan 2026 13:07:26 CET
iot-sn-a24,pallet01,38.44,14 Jan 2026 13:07:27 CET
iot-sn-a24,pallet03,49.05,14 Jan 2026 13:07:28 CET
iot-sn-a24,pallet03,44.82,14 Jan 2026 13:07:29 CET
iot-sn-a24,pallet03,94.97,14 Jan 2026 13:07:30 CET
iot-sn-a24,pallet02,82.67,14 Jan 2026 13:07:31 CET
iot-sn-a24,pallet03,96.76,14 Jan 2026 13:07:32 CET
iot-sn-a24,pallet02,50.33,14 Jan 2026 13:07:33 CET
iot-sn-a24,pallet02,45.1,14 Jan 2026 13:07:34 CET
iot-sn-a24,pallet02,31.48,14 Jan 2026 13:07:35 CET
iot-sn-a24,pallet02,105.8,14 Jan 2026 13:07:36 CET
iot-sn-a24,pallet02,48.49,14 Jan 2026 13:07:37 CET
iot-sn-a24,pallet01,33.04,14 Jan 2026 13:07:38 CET
iot-sn-a24,pallet03,105.67,14 Jan 2026 13:07:39 CET
iot-sn-a24,pallet02,57.84,14 Jan 2026 13:07:40 CET
iot-sn-a24,pallet02,41.0,14 Jan 2026 13:07:41 CET
iot-sn-a24,pallet03,79.8,14 Jan 2026 13:07:42 CET
iot-sn-a24,pallet03,53.62,14 Jan 2026 13:07:43 CET
iot-sn-a24,pallet01,108.49,14 Jan 2026 13:07:44 CET
iot-sn-a24,pallet01,70.38,14 Jan 2026 13:07:45 CET
iot-sn-a24,pallet02,89.65,14 Jan 2026 13:07:46 CET
iot-sn-a24,pallet03,44.09,14 Jan 2026 13:07:47 CET
iot-sn-a24,pallet03,80.79,14 Jan 2026 13:07:48 CET
iot-sn-a24,pallet02,97.33,14 Jan 2026 13:07:49 CET
iot-sn-a24,pallet02,79.24,14 Jan 2026 13:07:50 CET
iot-sn-a24,pallet01,53.79,14 Jan 2026 13:07:51 CET
iot-sn-a24,pallet01,100.6,14 Jan 2026 13:07:52 CET
iot-sn-a24,pallet02,86.91,14 Jan 2026 13:07:53 CET
iot-sn-a24,pallet01,66.21,14 Jan 2026 13:07:54 CET
iot-sn-a24,pallet01,55.35,14 Jan 2026 13:07:55 CET
iot-sn-a24,pallet01,49.69,14 Jan 2026 13:07:56 CET
iot-sn-a24,pallet03,61.17,14 Jan 2026 13:07:57 CET
iot-sn-a24,pallet01,46.95,14 Jan 2026 13:07:58 CET
iot-sn-a24,pallet03,51.39,14 Jan 2026 13:07:59 CET
iot-sn-a24,pallet02,101.41,14 Jan 2026 13:08:00 CET
iot-sn-a24,pallet01,77.9,14 Jan 2026 13:08:01 CET
iot-sn-a24,pallet03,52.01,14 Jan 2026 13:08:02 CET
iot-sn-a24,pallet02,48.84,14 Jan 2026 13:08:03 CET
iot-sn-a24,pallet02,61.87,14 Jan 2026 13:08:04 CET
iot-sn-a24,pallet01,48.1,14 Jan 2026 13:08:05 CET
iot-sn-a24,pallet02,38.55,14 Jan 2026 13:08:06 CET
iot-sn-a24,pallet02,96.91,14 Jan 2026 13:08:07 CET
iot-sn-a24,pallet03,89.87,14 Jan 2026 13:08:08 CET
iot-sn-a24,pallet02,81.27,14 Jan 2026 13:08:09 CET
iot-sn-a24,pallet02,72.68,14 Jan 2026 13:08:10 CET
iot-sn-a24,pallet03,109.55,14 Jan 2026 13:08:11 CET
iot-sn-a24,pallet03,35.03,14 Jan 2026 13:08:12 CET
iot-sn-a24,pallet03,47.16,14 Jan 2026 13:08:13 CET
iot-sn-a24,pallet03,54.56,14 Jan 2026 13:08:14 CET
iot-sn-a24,pallet01,44.68,14 Jan 2026 13:08:15 CET
iot-sn-a24,pallet02,75.87,14 Jan 2026 13:08:16 CET
iot-sn-a24,pallet03,80.34,14 Jan 2026 13:08:17 CET
iot-sn-a24,pallet03,46.49,14 Jan 2026 13:08:18 CET
iot-sn-a24,pallet03,67.65,14 Jan 2026 13:08:19 CET
iot-sn-a24,pallet01,89.14,14 Jan 2026 13:08:20 CET
iot-sn-a24,pallet02,60.47,14 Jan 2026 13:08:21 CET
iot-sn-a24,pallet03,42.64,14 Jan 2026 13:08:22 CET
iot-sn-a24,pallet03,34.41,14 Jan 2026 13:08:23 CET
iot-sn-a24,pallet03,107.24,14 Jan 2026 13:08:24 CET
iot-sn-a24,pallet01,75.38,14 Jan 2026 13:08:25 CET
iot-sn-a24,pallet03,41.21,14 Jan 2026 13:08:26 CET
iot-sn-a24,pallet03,86.34,14 Jan 2026 13:08:27 CET
iot-sn-a24,pallet02,93.63,14 Jan 2026 13:08:28 CET
iot-sn-a24,pallet01,55.51,14 Jan 2026 13:08:29 CET
iot-sn-a24,pallet02,35.54,14 Jan 2026 13:08:30 CET
iot-sn-a24,pallet01,97.91,14 Jan 2026 13:08:31 CET
iot-sn-a24,pallet02,102.14,14 Jan 2026 13:08:32 CET
iot-sn-a24,pallet03,40.39,14 Jan 2026 13:08:33 CET
iot-sn-a24,pallet01,43.18,14 Jan 2026 13:08:34 CET
iot-sn-a24,pallet01,102.58,14 Jan 2026 13:08:35 CET
iot-sn-a24,pallet02,43.48,14 Jan 2026 13:08:36 CET
iot-sn-a24,pallet01,53.57,14 Jan 2026 13:08:37 CET
iot-sn-a24,pallet02,88.1,14 Jan 2026 13:08:38 CET
iot-sn-a24,pallet01,78.17,14 Jan 2026 13:08:39 CET
iot-sn-a24,pallet02,80.11,14 Jan 2026 13:08:40 CET
iot-sn-a24,pallet03,57.71,14 Jan 2026 13:08:41 CET
iot-sn-a24,pallet02,93.28,14 Jan 2026 13:08:42 CET
iot-sn-a24,pallet01,47.28,14 Jan 2026 13:08:43 CET
iot-sn-a24,pallet03,44.45,14 Jan 2026 13:08:44 CET
iot-sn-a24,pallet03,89.33,14 Jan 2026 13:08:46 CET
iot-sn-a24,pallet01,89.99,14 Jan 2026 13:08:47 CET
iot-sn-a24,pallet01,48.53,14 Jan 2026 13:08:48 CET
iot-sn-a24,pallet01,94.0,14 Jan 2026 13:08:49 CET
iot-sn-a24,pallet01,42.05,14 Jan 2026 13:08:50 CET
iot-sn-a24,pallet02,46.32,14 Jan 2026 13:08:51 CET
iot-sn-a24,pallet02,33.9,14 Jan 2026 13:08:52 CET
iot-sn-a24,pallet02,108.24,14 Jan 2026 13:08:53 CET
iot-sn-a24,pallet01,106.93,14 Jan 2026 13:08:54 CET
iot-sn-a24,pallet02,67.11,14 Jan 2026 13:08:55 CET
iot-sn-a24,pallet02,90.23,14 Jan 2026 13:08:56 CET
iot-sn-a24,pallet02,31.37,14 Jan 2026 13:08:57 CET
iot-sn-a24,pallet01,63.53,14 Jan 2026 13:08:58 CET
iot-sn-a24,pallet01,58.02,14 Jan 2026 13:08:59 CET
iot-sn-a24,pallet03,61.77,14 Jan 2026 13:09:00 CET
iot-sn-a24,pallet01,105.61,14 Jan 2026 13:09:01 CET
iot-sn-a24,pallet02,95.27,14 Jan 2026 13:09:02 CET
iot-sn-a24,pallet01,51.53,14 Jan 2026 13:09:03 CET
iot-sn-a24,pallet02,34.93,14 Jan 2026 13:09:04 CET
iot-sn-a24,pallet03,82.61,14 Jan 2026 13:09:05 CET
iot-sn-a24,pallet02,53.37,14 Jan 2026 13:09:06 CET
iot-sn-a24,pallet02,108.45,14 Jan 2026 13:09:07 CET
iot-sn-a24,pallet02,78.07,14 Jan 2026 13:09:08 CET
iot-sn-a24,pallet01,31.45,14 Jan 2026 13:09:09 CET
iot-sn-a24,pallet03,56.04,14 Jan 2026 13:09:10 CET
iot-sn-a24,pallet03,76.29,14 Jan 2026 13:09:11 CET
iot-sn-a24,pallet02,50.67,14 Jan 2026 13:09:12 CET
iot-sn-a24,pallet01,86.19,14 Jan 2026 13:09:13 CET
iot-sn-a24,pallet03,102.65,14 Jan 2026 13:09:14 CET
iot-sn-a24,pallet01,44.14,14 Jan 2026 13:09:15 CET
iot-sn-a24,pallet03,80.05,14 Jan 2026 13:09:16 CET
iot-sn-a24,pallet01,40.4,14 Jan 2026 13:09:17 CET
iot-sn-a24,pallet02,105.77,14 Jan 2026 13:09:18 CET
iot-sn-a24,pallet03,57.45,14 Jan 2026 13:09:19 CET
iot-sn-a24,pallet01,78.43,14 Jan 2026 13:09:20 CET
iot-sn-a24,pallet02,96.57,14 Jan 2026 13:09:21 CET
iot-sn-a24,pallet01,39.28,14 Jan 2026 13:09:22 CET
iot-sn-a24,pallet01,91.31,14 Jan 2026 13:09:23 CET
iot-sn-a24,pallet02,63.36,14 Jan 2026 13:09:24 CET
iot-sn-a24,pallet01,80.66,14 Jan 2026 13:09:25 CET
iot-sn-a24,pallet01,70.37,14 Jan 2026 13:09:26 CET
iot-sn-a24,pallet01,47.34,14 Jan 2026 13:09:27 CET
iot-sn-a24,pallet03,70.48,14 Jan 2026 13:09:28 CET
iot-sn-a24,pallet03,36.21,14 Jan 2026 13:09:29 CET
iot-sn-a24,pallet03,46.18,14 Jan 2026 13:09:30 CET
iot-sn-a24,pallet02,76.34,14 Jan 2026 13:09:31 CET
iot-sn-a24,pallet01,61.81,14 Jan 2026 13:09:32 CET
iot-sn-a24,pallet03,47.87,14 Jan 2026 13:09:33 CET
iot-sn-a24,pallet02,41.43,14 Jan 2026 13:09:34 CET
iot-sn-a24,pallet01,49.42,14 Jan 2026 13:09:35 CET
iot-sn-a24,pallet01,108.6,14 Jan 2026 13:09:36 CET
iot-sn-a24,pallet01,73.77,14 Jan 2026 13:09:37 CET
iot-sn-a24,pallet02,59.3,14 Jan 2026 13:09:38 CET
iot-sn-a24,pallet03,67.86,14 Jan 2026 13:09:39 CET
iot-sn-a24,pallet03,97.54,14 Jan 2026 13:09:40 CET
iot-sn-a24,pallet03,57.73,14 Jan 2026 13:09:41 CET
iot-sn-a24,pallet03,83.79,14 Jan 2026 13:09:42 CET
iot-sn-a24,pallet01,46.84,14 Jan 2026 13:09:43 CET
iot-sn-a24,pallet01,43.7,14 Jan 2026 13:09:44 CET
iot-sn-a24,pallet02,41.72,14 Jan 2026 13:09:45 CET
iot-sn-a24,pallet01,71.01,14 Jan 2026 13:09:46 CET
iot-sn-a24,pallet03,31.7,14 Jan 2026 13:09:47 CET
iot-sn-a24,pallet03,31.01,14 Jan 2026 13:09:48 CET
iot-sn-a24,pallet03,58.06,14 Jan 2026 13:09:49 CET
iot-sn-a24,pallet02,105.12,14 Jan 2026 13:09:50 CET
iot-sn-a24,pallet03,61.66,14 Jan 2026 13:09:51 CET
iot-sn-a24,pallet03,78.7,14 Jan 2026 13:09:52 CET
iot-sn-a24,pallet03,62.6,14 Jan 2026 13:09:53 CET
iot-sn-a24,pallet01,105.06,14 Jan 2026 13:09:54 CET
iot-sn-a24,pallet01,58.62,14 Jan 2026 13:09:55 CET
iot-sn-a24,pallet01,50.03,14 Jan 2026 13:09:56 CET
iot-sn-a24,pallet01,83.36,14 Jan 2026 13:09:57 CET
iot-sn-a24,pallet03,109.76,14 Jan 2026 13:09:58 CET
iot-sn-a24,pallet03,93.72,14 Jan 2026 13:09:59 CET
iot-sn-a24,pallet02,93.74,14 Jan 2026 13:10:00 CET
iot-sn-a24,pallet03,71.38,14 Jan 2026 13:10:01 CET
iot-sn-a24,pallet01,40.83,14 Jan 2026 13:10:02 CET
iot-sn-a24,pallet03,107.6,14 Jan 2026 13:10:03 CET
