iot-sn-a24,pallet02,26.22,14 Jan 2026 12:36:35 CET
iot-sn-a24,pallet02,15.41,14 Jan 2026 12:36:36 CET
iot-sn-a24,pallet03,25.97,14 Jan 2026 12:36:37 CET
iot-sn-a24,pallet02,10.06,14 Jan 2026 12:36:38 CET
iot-sn-a24,pallet02,23.17,14 Jan 2026 12:36:39 CET
iot-sn-a24,pallet01,12.94,14 Jan 2026 12:36:40 CET
iot-sn-a24,pallet03,22.63,14 Jan 2026 12:36:41 CET
iot-sn-a24,pallet03,10.92,14 Jan 2026 12:36:42 CET
iot-sn-a24,pallet01,23.64,14 Jan 2026 12:36:43 CET
iot-sn-a24,pallet01,27.68,14 Jan 2026 12:36:44 CET
iot-sn-a24,pallet01,29.23,14 Jan 2026 12:36:45 CET
iot-sn-a24,pallet02,23.26,14 Jan 2026 12:36:46 CET
iot-sn-a24,pallet01,12.24,14 Jan 2026 12:36:47 CET
iot-sn-a24,pallet01,29.23,14 Jan 2026 12:36:48 CET
iot-sn-a24,pallet01,21.48,14 Jan 2026 12:36:49 CET
iot-sn-a24,pallet02,26.62,14 Jan 2026 12:36:50 CET
iot-sn-a24,pallet02,27.49,14 Jan 2026 12:36:51 CET
iot-sn-a24,pallet03,24.75,14 Jan 2026 12:36:52 CET
iot-sn-a24,pallet01,15.97,14 Jan 2026 12:36:53 CET
iot-sn-a24,pallet02,23.66,14 Jan 2026 12:36:54 CET
iot-sn-a24,pallet01,26.34,14 Jan 2026 12:36:55 CET
iot-sn-a24,pallet01,25.93,14 Jan 2026 12:36:56 CET
iot-sn-a24,pallet03,17.41,14 Jan 2026 12:36:57 CET
iot-sn-a24,pallet03,17.4,14 Jan 2026 12:36:58 CET
iot-sn-a24,pallet03,23.02,14 Jan 2026 12:36:59 CET
iot-sn-a24,pallet03,12.31,14 Jan 2026 12:37:00 CET
iot-sn-a24,pallet01,26.03,14 Jan 2026 12:37:01 CET
iot-sn-a24,pallet02,27.63,14 Jan 2026 12:37:02 CET
iot-sn-a24,pallet01,21.78,14 Jan 2026 12:37:03 CET
iot-sn-a24,pallet03,10.09,14 Jan 2026 12:37:04 CET
iot-sn-a24,pallet03,17.88,14 Jan 2026 12:37:05 CET
iot-sn-a24,pallet01,26.99,14 Jan 2026 12:37:06 CET
iot-sn-a24,pallet03,18.5,14 Jan 2026 12:37:07 CET
iot-sn-a24,pallet03,16.18,14 Jan 2026 12:37:08 CET
iot-sn-a24,pallet03,14.64,14 Jan 2026 12:37:09 CET
iot-sn-a24,pallet01,26.46,14 Jan 2026 12:37:10 CET
iot-sn-a24,pallet02,23.55,14 Jan 2026 12:37:11 CET
iot-sn-a24,pallet02,28.22,14 Jan 2026 12:37:12 CET
iot-sn-a24,pallet01,28.59,14 Jan 2026 12:37:13 CET
iot-sn-a24,pallet02,25.34,14 Jan 2026 12:37:14 CET
iot-sn-a24,pallet01,18.74,14 Jan 2026 12:37:15 CET
iot-sn-a24,pallet03,24.79,14 Jan 2026 12:37:16 CET
iot-sn-a24,pallet01,25.37,14 Jan 2026 12:37:17 CET
iot-sn-a24,pallet01,24.89,14 Jan 2026 12:37:18 CET
iot-sn-a24,pallet01,13.42,14 Jan 2026 12:37:19 CET
iot-sn-a24,pallet02,14.68,14 Jan 2026 12:37:20 CET
iot-sn-a24,pallet03,21.42,14 Jan 2026 12:37:21 CET
iot-sn-a24,pallet02,11.66,14 Jan 2026 12:37:22 CET
iot-sn-a24,pallet02,11.39,14 Jan 2026 12:37:23 CET
iot-sn-a24,pallet01,18.42,14 Jan 2026 12:37:24 CET
iot-sn-a24,pallet02,24.24,14 Jan 2026 12:37:25 CET
iot-sn-a24,pallet01,10.76,14 Jan 2026 12:37:26 CET
iot-sn-a24,pallet01,19.86,14 Jan 2026 12:37:27 CET
iot-sn-a24,pallet03,26.3,14 Jan 2026 12:37:28 CET
iot-sn-a24,pallet02,25.37,14 Jan 2026 12:37:29 CET
iot-sn-a24,pallet03,17.95,14 Jan 2026 12:37:30 CET
iot-sn-a24,pallet01,15.63,14 Jan 2026 12:37:31 CET
iot-sn-a24,pallet02,11.07,14 Jan 2026 12:37:32 CET
iot-sn-a24,pallet02,11.08,14 Jan 2026 12:37:33 CET
iot-sn-a24,pallet03,15.28,14 Jan 2026 12:37:34 CET
iot-sn-a24,pallet03,11.54,14 Jan 2026 12:37:35 CET
iot-sn-a24,pallet01,13.68,14 Jan 2026 12:37:36 CET
iot-sn-a24,pallet02,11.69,14 Jan 2026 12:37:37 CET
iot-sn-a24,pallet02,21.87,14 Jan 2026 12:37:38 CET
iot-sn-a24,pallet02,25.12,14 Jan 2026 12:37:39 CET
iot-sn-a24,pallet01,21.81,14 Jan 2026 12:37:40 CET
iot-sn-a24,pallet03,18.93,14 Jan 2026 12:37:41 CET
iot-sn-a24,pallet01,26.04,14 Jan 2026 12:37:42 CET
iot-sn-a24,pallet03,14.48,14 Jan 2026 12:37:43 CET
iot-sn-a24,pallet01,23.4,14 Jan 2026 12:37:44 CET
iot-sn-a24,pallet03,20.87,14 Jan 2026 12:37:45 CET
iot-sn-a24,pallet01,14.1,14 Jan 2026 12:37:46 CET
iot-sn-a24,pallet03,28.18,14 Jan 2026 12:37:47 CET
iot-sn-a24,pallet01,26.23,14 Jan 2026 12:37:48 CET
iot-sn-a24,pallet03,29.19,14 Jan 2026 12:37:49 CET
iot-sn-a24,pallet03,26.34,14 Jan 2026 12:37:50 CET
iot-sn-a24,pallet03,20.0,14 Jan 2026 12:37:51 CET
iot-sn-a24,pallet03,18.09,14 Jan 2026 12:37:52 CET
iot-sn-a24,pallet01,26.64,14 Jan 2026 12:37:53 CET
iot-sn-a24,pallet02,22.57,14 Jan 2026 12:37:54 CET
iot-sn-a24,pallet02,28.59,14 Jan 2026 12:37:55 CET
iot-sn-a24,pallet01,29.43,14 Jan 2026 12:37:56 CET
iot-sn-a24,pallet03,24.83,14 Jan 2026 12:37:57 CET
iot-sn-a24,pallet03,24.27,14 Jan 2026 12:37:58 CET
iot-sn-a24,pallet02,13.77,14 Jan 2026 12:37:59 CET
iot-sn-a24,pallet02,25.91,14 Jan 2026 12:38:00 CET
iot-sn-a24,pallet01,29.91,14 Jan 2026 12:38:01 CET
iot-sn-a24,pallet02,21.07,14 Jan 2026 12:38:02 CET
iot-sn-a24,pallet03,25.73,14 Jan 2026 12:38:03 CET
iot-sn-a24,pallet03,13.32,14 Jan 2026 12:38:04 CET
iot-sn-a24,pallet02,16.08,14 Jan 2026 12:38:05 CET
iot-sn-a24,pallet02,17.35,14 Jan 2026 12:38:06 CET
iot-sn-a24,pallet01,17.56,14 Jan 2026 12:38:07 CET
iot-sn-a24,pallet03,24.3,14 Jan 2026 12:38:08 CET
iot-sn-a24,pallet03,17.83,14 Jan 2026 12:38:09 CET
iot-sn-a24,pallet01,17.2,14 Jan 2026 12:38:10 CET
iot-sn-a24,pallet01,25.76,14 Jan 2026 12:38:11 CET
iot-sn-a24,pallet03,22.58,14 Jan 2026 12:38:12 CET
iot-sn-a24,pallet01,17.0,14 Jan 2026 12:38:13 CET
iot-sn-a24,pallet01,21.96,14 Jan 2026 12:38:14 CET
iot-sn-a24,pallet02,26.42,14 Jan 2026 12:38:15 CET
iot-sn-a24,pallet01,18.8,14 Jan 2026 12:38:16 CET
iot-sn-a24,pallet01,25.21,14 Jan 2026 12:38:17 CET
iot-sn-a24,pallet01,27.3,14 Jan 2026 12:38:18 CET
iot-sn-a24,pallet01,14.05,14 Jan 2026 12:38:19 CET
iot-sn-a24,pallet02,13.91,14 Jan 2026 12:38:20 CET
iot-sn-a24,pallet01,24.94,14 Jan 2026 12:38:21 CET
iot-sn-a24,pallet03,18.53,14 Jan 2026 12:38:22 CET
iot-sn-a24,pallet01,26.73,14 Jan 2026 12:38:23 CET
iot-sn-a24,pallet01,10.35,14 Jan 2026 12:38:24 CET
iot-sn-a24,pallet02,13.07,14 Jan 2026 12:38:25 CET
iot-sn-a24,pallet02,18.26,14 Jan 2026 12:38:26 CET
iot-sn-a24,pallet03,23.46,14 Jan 2026 12:38:27 CET
iot-sn-a24,pallet01,16.9,14 Jan 2026 12:38:28 CET
iot-sn-a24,pallet03,21.24,14 Jan 2026 12:38:29 CET
iot-sn-a24,pallet02,22.64,14 Jan 2026 12:38:30 CET
iot-sn-a24,pallet03,24.4,14 Jan 2026 12:38:31 CET
iot-sn-a24,pallet01,16.31,14 Jan 2026 12:38:32 CET
iot-sn-a24,pallet03,21.22,14 Jan 2026 12:38:33 CET
iot-sn-a24,pallet02,29.33,14 Jan 2026 12:38:34 CET
iot-sn-a24,pallet03,12.05,14 Jan 2026 12:38:35 CET
iot-sn-a24,pallet01,11.65,14 Jan 2026 12:38:36 CET
iot-sn-a24,pallet03,15.0,14 Jan 2026 12:38:37 CET
iot-sn-a24,pallet02,13.57,14 Jan 2026 12:38:38 CET
iot-sn-a24,pallet03,17.65,14 Jan 2026 12:38:39 CET
iot-sn-a24,pallet03,29.35,14 Jan 2026 12:38:40 CET
iot-sn-a24,pallet02,17.91,14 Jan 2026 12:38:41 CET
iot-sn-a24,pallet01,12.52,14 Jan 2026 12:38:42 CET
iot-sn-a24,pallet02,27.56,14 Jan 2026 12:38:43 CET
iot-sn-a24,pallet03,24.53,14 Jan 2026 12:38:44 CET
iot-sn-a24,pallet03,14.15,14 Jan 2026 12:38:45 CET
iot-sn-a24,pallet01,10.63,14 Jan 2026 12:38:46 CET
iot-sn-a24,pallet03,28.99,14 Jan 2026 12:38:47 CET
iot-sn-a24,pallet02,29.6,14 Jan 2026 12:38:48 CET
iot-sn-a24,pallet01,16.42,14 Jan 2026 12:38:49 CET
iot-sn-a24,pallet03,25.75,14 Jan 2026 12:38:50 CET
iot-sn-a24,pallet02,27.61,14 Jan 2026 12:38:51 CET
iot-sn-a24,pallet03,18.09,14 Jan 2026 12:38:52 CET
iot-sn-a24,pallet03,20.36,14 Jan 2026 12:38:53 CET
iot-sn-a24,pallet03,20.12,14 Jan 2026 12:38:54 CET
iot-sn-a24,pallet01,27.75,14 Jan 2026 12:38:55 CET
iot-sn-a24,pallet01,13.13,14 Jan 2026 12:38:56 CET
iot-sn-a24,pallet03,14.44,14 Jan 2026 12:38:57 CET
iot-sn-a24,pallet01,27.22,14 Jan 2026 12:38:58 CET
iot-sn-a24,pallet02,13.44,14 Jan 2026 12:38:59 CET
iot-sn-a24,pallet02,10.84,14 Jan 2026 12:39:01 CET
iot-sn-a24,pallet01,13.89,14 Jan 2026 12:39:02 CET
iot-sn-a24,pallet03,15.17,14 Jan 2026 12:39:03 CET
iot-sn-a24,pallet01,10.28,14 Jan 2026 12:39:04 CET
iot-sn-a24,pallet02,16.0,14 Jan 2026 12:39:05 CET
iot-sn-a24,pallet02,14.6,14 Jan 2026 12:39:06 CET
iot-sn-a24,pallet03,14.47,14 Jan 2026 12:39:07 CET
iot-sn-a24,pallet02,17.61,14 Jan 2026 12:39:08 CET
iot-sn-a24,pallet01,26.5,14 Jan 2026 12:39:09 CET
iot-sn-a24,pallet01,25.54,14 Jan 2026 12:39:10 CET
iot-sn-a24,pallet01,15.25,14 Jan 2026 12:39:11 CET
iot-sn-a24,pallet01,22.74,14 Jan 2026 12:39:12 CET
iot-sn-a24,pallet02,23.88,14 Jan 2026 12:39:13 CET
iot-sn-a24,pallet03,23.72,14 Jan 2026 12:39:14 CET
iot-sn-a24,pallet01,20.91,14 Jan 2026 12:39:15 CET
iot-sn-a24,pallet01,20.57,14 Jan 2026 12:39:16 CET
iot-sn-a24,pallet02,28.31,14 Jan 2026 12:39:17 CET
iot-sn-a24,pallet02,29.69,14 Jan 2026 12:39:18 CET
iot-sn-a24,pallet01,22.0,14 Jan 2026 12:39:19 CET
iot-sn-a24,pallet01,14.13,14 Jan 2026 12:39:20 CET
iot-sn-a24,pallet03,27.17,14 Jan 2026 12:39:21 CET
iot-sn-a24,pallet02,22.41,14 Jan 2026 12:39:22 CET
iot-sn-a24,pallet02,23.0,14 Jan 2026 12:39:23 CET
iot-sn-a24,pallet02,22.05,14 Jan 2026 12:39:24 CET
iot-sn-a24,pallet01,14.04,14 Jan 2026 12:39:25 CET
iot-sn-a24,pallet01,24.76,14 Jan 2026 12:39:26 CET
iot-sn-a24,pallet02,17.64,14 Jan 2026 12:39:27 CET
iot-sn-a24,pallet02,27.12,14 Jan 2026 12:39:28 CET
iot-sn-a24,pallet02,26.65,14 Jan 2026 12:39:29 CET
iot-sn-a24,pallet02,22.61,14 Jan 2026 12:39:30 CET
iot-sn-a24,pallet01,19.39,14 Jan 2026 12:39:31 CET
iot-sn-a24,pallet01,24.03,14 Jan 2026 12:39:32 CET
iot-sn-a24,pallet02,27.18,14 Jan 2026 12:39:33 CET
iot-sn-a24,pallet02,28.0,14 Jan 2026 12:39:34 CET
iot-sn-a24,pallet01,17.96,14 Jan 2026 12:39:35 CET
iot-sn-a24,pallet02,13.89,14 Jan 2026 12:39:36 CET
iot-sn-a24,pallet03,19.33,14 Jan 2026 12:39:37 CET
iot-sn-a24,pallet03,11.48,14 Jan 2026 12:39:38 CET
iot-sn-a24,pallet02,18.5,14 Jan 2026 12:39:39 CET
iot-sn-a24,pallet02,23.43,14 Jan 2026 12:39:40 CET
iot-sn-a24,pallet03,28.49,14 Jan 2026 12:39:41 CET
iot-sn-a24,pallet03,19.3,14 Jan 2026 12:39:42 CET
iot-sn-a24,pallet02,15.97,14 Jan 2026 12:39:43 CET
iot-sn-a24,pallet01,19.55,14 Jan 2026 12:39:44 CET
iot-sn-a24,pallet02,28.01,14 Jan 2026 12:39:45 CET
iot-sn-a24,pallet02,16.59,14 Jan 2026 12:39:46 CET
iot-sn-a24,pallet03,19.33,14 Jan 2026 12:39:47 CET
iot-sn-a24,pallet03,19.93,14 Jan 2026 12:39:48 CET
iot-sn-a24,pallet02,15.84,14 Jan 2026 12:39:49 CET
iot-sn-a24,pallet01,18.62,14 Jan 2026 12:39:50 CET
iot-sn-a24,pallet02,11.24,14 Jan 2026 12:39:51 CET
iot-sn-a24,pallet03,21.6,14 Jan 2026 12:39:52 CET
iot-sn-a24,pallet02,19.23,14 Jan 2026 12:39:53 CET
iot-sn-a24,pallet02,14.45,14 Jan 2026 12:39:54 CET
iot-sn-a24,pallet01,23.21,14 Jan 2026 12:39:55 CET
iot-sn-a24,pallet02,28.47,14 Jan 2026 12:39:56 CET
iot-sn-a24,pallet01,17.45,14 Jan 2026 12:39:57 CET
iot-sn-a24,pallet03,20.98,14 Jan 2026 12:39:58 CET
iot-sn-a24,pallet03,10.46,14 Jan 2026 12:39:59 CET
iot-sn-a24,pallet03,20.07,14 Jan 2026 12:40:00 CET
iot-sn-a24,pallet02,21.84,14 Jan 2026 12:40:01 CET
iot-sn-a24,pallet03,12.9,14 Jan 2026 12:40:02 CET
iot-sn-a24,pallet03,16.32,14 Jan 2026 12:40:03 CET
iot-sn-a24,pallet01,13.69,14 Jan 2026 12:40:04 CET
iot-sn-a24,pallet02,15.92,14 Jan 2026 12:40:05 CET
iot-sn-a24,pallet02,12.36,14 Jan 2026 12:40:06 CET
iot-sn-a24,pallet01,12.52,14 Jan 2026 12:40:07 CET
iot-sn-a24,pallet03,27.8,14 Jan 2026 12:40:08 CET
iot-sn-a24,pallet03,23.32,14 Jan 2026 12:40:09 CET
iot-sn-a24,pallet02,22.22,14 Jan 2026 12:40:10 CET
iot-sn-a24,pallet01,24.41,14 Jan 2026 12:40:11 CET
iot-sn-a24,pallet02,11.72,14 Jan 2026 12:40:12 CET
iot-sn-a24,pallet03,16.56,14 Jan 2026 12:40:13 CET
iot-sn-a24,pallet02,16.83,14 Jan 2026 12:40:14 CET
iot-sn-a24,pallet03,20.04,14 Jan 2026 12:40:15 CET
iot-sn-a24,pallet01,21.64,14 Jan 2026 12:40:16 CET
iot-sn-a24,pallet03,16.21,14 Jan 2026 12:40:17 CET
iot-sn-a24,pallet03,11.11,14 Jan 2026 12:40:18 CET
iot-sn-a24,pallet03,18.39,14 Jan 2026 12:40:19 CET
iot-sn-a24,pallet03,20.37,14 Jan 2026 12:40:20 CET
iot-sn-a24,pallet03,11.29,14 Jan 2026 12:40:21 CET
iot-sn-a24,pallet02,25.87,14 Jan 2026 12:40:22 CET
iot-sn-a24,pallet01,11.77,14 Jan 2026 12:40:23 CET
iot-sn-a24,pallet02,13.29,14 Jan 2026 12:40:24 CET
iot-sn-a24,pallet01,17.31,14 Jan 2026 12:40:25 CET
iot-sn-a24,pallet01,17.79,14 Jan 2026 12:40:26 CET
iot-sn-a24,pallet01,12.22,14 Jan 2026 12:40:27 CET
iot-sn-a24,pallet01,19.69,14 Jan 2026 12:40:28 CET
iot-sn-a24,pallet02,12.4,14 Jan 2026 12:40:29 CET
iot-sn-a24,pallet01,12.84,14 Jan 2026 12:40:30 CET
iot-sn-a24,pallet01,19.61,14 Jan 2026 12:40:31 CET
iot-sn-a24,pallet02,20.64,14 Jan 2026 12:40:32 CET
iot-sn-a24,pallet02,17.15,14 Jan 2026 12:40:33 CET
iot-sn-a24,pallet02,20.47,14 Jan 2026 12:40:34 CET
iot-sn-a24,pallet02,28.88,14 Jan 2026 12:40:35 CET
iot-sn-a24,pallet01,27.26,14 Jan 2026 12:40:36 CET
iot-sn-a24,pallet01,27.52,14 Jan 2026 12:40:37 CET
iot-sn-a24,pallet03,24.41,14 Jan 2026 12:40:38 CET
iot-sn-a24,pallet01,12.39,14 Jan 2026 12:40:39 CET
iot-sn-a24,pallet03,21.0,14 Jan 2026 12:40:40 CET
iot-sn-a24,pallet03,24.28,14 Jan 2026 12:40:41 CET
iot-sn-a24,pallet03,13.5,14 Jan 2026 12:40:42 CET
iot-sn-a24,pallet03,13.44,14 Jan 2026 12:40:43 CET
iot-sn-a24,pallet02,22.11,14 Jan 2026 12:40:44 CET
iot-sn-a24,pallet02,10.32,14 Jan 2026 12:40:45 CET
iot-sn-a24,pallet02,10.48,14 Jan 2026 12:40:46 CET
iot-sn-a24,pallet01,12.59,14 Jan 2026 12:40:47 CET
iot-sn-a24,pallet01,13.16,14 Jan 2026 12:40:48 CET
iot-sn-a24,pallet01,15.37,14 Jan 2026 12:40:49 CET
iot-sn-a24,pallet02,12.88,14 Jan 2026 12:40:50 CET
iot-sn-a24,pallet02,17.35,14 Jan 2026 12:40:51 CET
iot-sn-a24,pallet03,29.71,14 Jan 2026 12:40:52 CET
iot-sn-a24,pallet03,24.22,14 Jan 2026 12:40:53 CET
iot-sn-a24,pallet02,29.26,14 Jan 2026 12:40:54 CET
iot-sn-a24,pallet01,15.51,14 Jan 2026 12:40:55 CET
iot-sn-a24,pallet02,14.71,14 Jan 2026 12:40:56 CET
iot-sn-a24,pallet03,27.31,14 Jan 2026 12:40:57 CET
iot-sn-a24,pallet03,26.68,14 Jan 2026 12:40:58 CET
iot-sn-a24,pallet02,28.15,14 Jan 2026 12:40:59 CET
iot-sn-a24,pallet01,23.56,14 Jan 2026 12:41:00 CET
iot-sn-a24,pallet01,23.2,14 Jan 2026 12:41:01 CET
iot-sn-a24,pallet02,21.54,14 Jan 2026 12:41:02 CET
iot-sn-a24,pallet01,24.85,14 Jan 2026 12:41:03 CET
iot-sn-a24,pallet01,29.01,14 Jan 2026 12:41:04 CET
iot-sn-a24,pallet03,24.65,14 Jan 2026 12:41:05 CET
iot-sn-a24,pallet03,21.32,14 Jan 2026 12:41:06 CET
iot-sn-a24,pallet01,26.38,14 Jan 2026 12:41:07 CET
iot-sn-a24,pallet02,28.54,14 Jan 2026 12:41:08 CET
iot-sn-a24,pallet03,27.03,14 Jan 2026 12:41:09 CET
iot-sn-a24,pallet02,25.68,14 Jan 2026 12:41:10 CET
iot-sn-a24,pallet01,24.0,14 Jan 2026 12:41:11 CET
iot-sn-a24,pallet01,10.97,14 Jan 2026 12:41:12 CET
iot-sn-a24,pallet02,18.01,14 Jan 2026 12:41:13 CET
iot-sn-a24,pallet01,22.88,14 Jan 2026 12:41:14 CET
iot-sn-a24,pallet01,18.0,14 Jan 2026 12:41:15 CET
iot-sn-a24,pallet01,10.95,14 Jan 2026 12:41:16 CET
iot-sn-a24,pallet02,24.33,14 Jan 2026 12:41:17 CET
iot-sn-a24,pallet01,22.02,14 Jan 2026 12:41:18 CET
iot-sn-a24,pallet01,24.55,14 Jan 2026 12:41:19 CET
iot-sn-a24,pallet01,15.39,14 Jan 2026 12:41:20 CET
iot-sn-a24,pallet02,17.02,14 Jan 2026 12:41:21 CET
iot-sn-a24,pallet01,11.53,14 Jan 2026 12:41:22 CET
iot-sn-a24,pallet03,21.87,14 Jan 2026 12:41:23 CET
iot-sn-a24,pallet03,15.44,14 Jan 2026 12:41:24 CET
iot-sn-a24,pallet01,16.55,14 Jan 2026 12:41:25 CET
iot-sn-a24,pallet01,16.47,14 Jan 2026 12:41:26 CET
iot-sn-a24,pallet01,11.17,14 Jan 2026 12:41:27 CET
iot-sn-a24,pallet03,24.44,14 Jan 2026 12:41:28 CET
iot-sn-a24,pallet01,28.4,14 Jan 2026 12:41:29 CET
iot-sn-a24,pallet03,21.09,14 Jan 2026 12:41:30 CET
iot-sn-a24,pallet03,15.59,14 Jan 2026 12:41:31 CET
iot-sn-a24,pallet03,21.23,14 Jan 2026 12:41:32 CET
iot-sn-a24,pallet02,19.34,14 Jan 2026 12:41:33 CET
iot-sn-a24,pallet03,26.75,14 Jan 2026 12:41:34 CET
iot-sn-a24,pallet03,16.98,14 Jan 2026 12:41:35 CET
iot-sn-a24,pallet02,23.22,14 Jan 2026 12:41:36 CET
iot-sn-a24,pallet03,28.58,14 Jan 2026 12:41:37 CET
iot-sn-a24,pallet02,16.43,14 Jan 2026 12:41:38 CET
iot-sn-a24,pallet02,10.63,14 Jan 2026 12:41:39 CET
iot-sn-a24,pallet03,24.55,14 Jan 2026 12:41:40 CET
iot-sn-a24,pallet03,11.54,14 Jan 2026 12:41:41 CET
iot-sn-a24,pallet03,24.02,14 Jan 2026 12:41:42 CET
iot-sn-a24,pallet01,21.41,14 Jan 2026 12:41:43 CET
iot-sn-a24,pallet03,29.46,14 Jan 2026 12:41:44 CET
iot-sn-a24,pallet01,15.12,14 Jan 2026 12:41:45 CET
iot-sn-a24,pallet02,19.87,14 Jan 2026 12:41:46 CET
iot-sn-a24,pallet02,19.95,14 Jan 2026 12:41:47 CET
iot-sn-a24,pallet02,25.69,14 Jan 2026 12:41:48 CET
iot-sn-a24,pallet01,16.35,14 Jan 2026 12:41:49 CET
iot-sn-a24,pallet01,19.94,14 Jan 2026 12:41:50 CET
iot-sn-a24,pallet01,18.91,14 Jan 2026 12:41:51 CET
iot-sn-a24,pallet01,16.76,14 Jan 2026 12:41:52 CET
iot-sn-a24,pallet03,14.81,14 Jan 2026 12:41:53 CET
iot-sn-a24,pallet02,16.35,14 Jan 2026 12:41:54 CET
iot-sn-a24,pallet01,24.97,14 Jan 2026 12:41:55 CET
iot-sn-a24,pallet03,28.93,14 Jan 2026 12:41:56 CET
iot-sn-a24,pallet03,26.08,14 Jan 2026 12:41:57 CET
iot-sn-a24,pallet02,21.25,14 Jan 2026 12:41:58 CET
iot-sn-a24,pallet01,24.68,14 Jan 2026 12:42:00 CET
iot-sn-a24,pallet03,12.77,14 Jan 2026 12:42:01 CET
iot-sn-a24,pallet01,15.59,14 Jan 2026 12:42:02 CET
iot-sn-a24,pallet03,17.08,14 Jan 2026 12:42:03 CET
iot-sn-a24,pallet02,22.07,14 Jan 2026 12:42:04 CET
iot-sn-a24,pallet02,20.63,14 Jan 2026 12:42:05 CET
iot-sn-a24,pallet02,19.24,14 Jan 2026 12:42:06 CET
iot-sn-a24,pallet01,19.85,14 Jan 2026 12:42:07 CET
iot-sn-a24,pallet01,25.02,14 Jan 2026 12:42:08 CET
iot-sn-a24,pallet01,19.49,14 Jan 2026 12:42:09 CET
iot-sn-a24,pallet01,11.39,14 Jan 2026 12:42:10 CET
iot-sn-a24,pallet03,12.96,14 Jan 2026 12:42:11 CET
iot-sn-a24,pallet01,19.21,14 Jan 2026 12:42:12 CET
iot-sn-a24,pallet02,20.35,14 Jan 2026 12:42:13 CET
iot-sn-a24,pallet01,22.03,14 Jan 2026 12:42:14 CET
iot-sn-a24,pallet03,13.32,14 Jan 2026 12:42:15 CET
iot-sn-a24,pallet03,14.55,14 Jan 2026 12:42:16 CET
iot-sn-a24,pallet01,15.36,14 Jan 2026 12:42:17 CET
iot-sn-a24,pallet01,23.72,14 Jan 2026 12:42:18 CET
iot-sn-a24,pallet01,26.8,14 Jan 2026 12:42:19 CET
iot-sn-a24,pallet02,26.66,14 Jan 2026 12:42:20 CET
iot-sn-a24,pallet03,27.54,14 Jan 2026 12:42:21 CET
iot-sn-a24,pallet03,27.22,14 Jan 2026 12:42:22 CET
iot-sn-a24,pallet03,19.15,14 Jan 2026 12:42:23 CET
iot-sn-a24,pallet01,26.24,14 Jan 2026 12:42:24 CET
iot-sn-a24,pallet03,14.22,14 Jan 2026 12:42:25 CET
iot-sn-a24,pallet03,12.05,14 Jan 2026 12:42:26 CET
iot-sn-a24,pallet02,27.14,14 Jan 2026 12:42:27 CET
iot-sn-a24,pallet03,20.49,14 Jan 2026 12:42:28 CET
iot-sn-a24,pallet03,23.2,14 Jan 2026 12:42:29 CET
iot-sn-a24,pallet03,26.09,14 Jan 2026 12:42:30 CET
iot-sn-a24,pallet02,29.57,14 Jan 2026 12:42:31 CET
iot-sn-a24,pallet03,10.93,14 Jan 2026 12:42:32 CET
iot-sn-a24,pallet01,27.04,14 Jan 2026 12:42:33 CET
iot-sn-a24,pallet03,15.65,14 Jan 2026 12:42:34 CET
iot-sn-a24,pallet03,23.59,14 Jan 2026 12:42:35 CET
iot-sn-a24,pallet02,27.63,14 Jan 2026 12:42:36 CET
iot-sn-a24,pallet03,19.2,14 Jan 2026 12:42:37 CET
iot-sn-a24,pallet01,26.32,14 Jan 2026 12:42:38 CET
iot-sn-a24,pallet01,18.79,14 Jan 2026 12:42:39 CET
iot-sn-a24,pallet03,24.5,14 Jan 2026 12:42:40 CET
iot-sn-a24,pallet03,26.7,14 Jan 2026 12:42:41 CET
iot-sn-a24,pallet02,26.51,14 Jan 2026 12:42:42 CET
iot-sn-a24,pallet01,20.71,14 Jan 2026 12:42:43 CET
iot-sn-a24,pallet01,19.29,14 Jan 2026 12:42:44 CET
iot-sn-a24,pallet03,18.26,14 Jan 2026 12:42:45 CET
iot-sn-a24,pallet01,15.94,14 Jan 2026 12:42:46 CET
iot-sn-a24,pallet02,13.6,14 Jan 2026 12:42:47 CET
iot-sn-a24,pallet01,15.15,14 Jan 2026 12:42:48 CET
iot-sn-a24,pallet01,25.71,14 Jan 2026 12:42:49 CET
iot-sn-a24,pallet01,16.3,14 Jan 2026 12:42:50 CET
iot-sn-a24,pallet02,11.39,14 Jan 2026 12:42:51 CET
iot-sn-a24,pallet03,21.83,14 Jan 2026 12:42:52 CET
iot-sn-a24,pallet03,21.08,14 Jan 2026 12:42:53 CET
iot-sn-a24,pallet03,25.97,14 Jan 2026 12:42:54 CET
iot-sn-a24,pallet02,29.5,14 Jan 2026 12:42:55 CET
iot-sn-a24,pallet01,20.36,14 Jan 2026 12:42:56 CET
iot-sn-a24,pallet03,13.91,14 Jan 2026 12:42:57 CET
iot-sn-a24,pallet03,21.14,14 Jan 2026 12:42:58 CET
iot-sn-a24,pallet02,16.82,14 Jan 2026 12:42:59 CET
iot-sn-a24,pallet02,12.64,14 Jan 2026 12:43:00 CET
iot-sn-a24,pallet01,14.1,14 Jan 2026 12:43:01 CET
iot-sn-a24,pallet01,26.32,14 Jan 2026 12:43:02 CET
iot-sn-a24,pallet02,14.61,14 Jan 2026 12:43:03 CET
iot-sn-a24,pallet03,14.78,14 Jan 2026 12:43:04 CET
iot-sn-a24,pallet02,28.15,14 Jan 2026 12:43:05 CET
iot-sn-a24,pallet01,26.3,14 Jan 2026 12:43:06 CET
iot-sn-a24,pallet03,10.98,14 Jan 2026 12:43:07 CET
iot-sn-a24,pallet03,12.53,14 Jan 2026 12:43:08 CET
iot-sn-a24,pallet03,19.5,14 Jan 2026 12:43:09 CET
iot-sn-a24,pallet03,27.51,14 Jan 2026 12:43:10 CET
iot-sn-a24,pallet01,25.29,14 Jan 2026 12:43:11 CET
iot-sn-a24,pallet03,13.32,14 Jan 2026 12:43:12 CET
iot-sn-a24,pallet02,10.32,14 Jan 2026 12:43:13 CET
iot-sn-a24,pallet01,26.54,14 Jan 2026 12:43:14 CET
iot-sn-a24,pallet02,12.98,14 Jan 2026 12:43:15 CET
iot-sn-a24,pallet02,12.38,14 Jan 2026 12:43:16 CET
iot-sn-a24,pallet01,21.11,14 Jan 2026 12:43:17 CET
iot-sn-a24,pallet02,12.75,14 Jan 2026 12:43:18 CET
iot-sn-a24,pallet02,11.65,14 Jan 2026 12:43:19 CET
iot-sn-a24,pallet02,14.79,14 Jan 2026 12:43:20 CET
iot-sn-a24,pallet02,19.51,14 Jan 2026 12:43:21 CET
iot-sn-a24,pallet03,25.52,14 Jan 2026 12:43:22 CET
iot-sn-a24,pallet01,27.52,14 Jan 2026 12:43:23 CET
iot-sn-a24,pallet02,28.74,14 Jan 2026 12:43:24 CET
iot-sn-a24,pallet02,17.62,14 Jan 2026 12:43:25 CET
iot-sn-a24,pallet03,10.51,14 Jan 2026 12:43:26 CET
iot-sn-a24,pallet02,12.31,14 Jan 2026 12:43:27 CET
iot-sn-a24,pallet03,29.47,14 Jan 2026 12:43:28 CET
iot-sn-a24,pallet03,12.6,14 Jan 2026 12:43:29 CET
iot-sn-a24,pallet02,17.32,14 Jan 2026 12:43:30 CET
iot-sn-a24,pallet01,25.56,14 Jan 2026 12:43:31 CET
iot-sn-a24,pallet02,14.46,14 Jan 2026 12:43:32 CET
iot-sn-a24,pallet02,26.7,14 Jan 2026 12:43:33 CET
iot-sn-a24,pallet02,26.22,14 Jan 2026 12:43:34 CET
iot-sn-a24,pallet01,29.58,14 Jan 2026 12:43:35 CET
iot-sn-a24,pallet02,17.3,14 Jan 2026 12:43:36 CET
iot-sn-a24,pallet03,23.58,14 Jan 2026 12:43:37 CET
iot-sn-a24,pallet03,19.63,14 Jan 2026 12:43:38 CET
iot-sn-a24,pallet03,28.87,14 Jan 2026 12:43:39 CET
iot-sn-a24,pallet01,19.05,14 Jan 2026 12:43:40 CET
iot-sn-a24,pallet02,11.87,14 Jan 2026 12:43:41 CET
iot-sn-a24,pallet01,15.5,14 Jan 2026 12:43:42 CET
iot-sn-a24,pallet02,23.29,14 Jan 2026 12:43:43 CET
iot-sn-a24,pallet02,14.37,14 Jan 2026 12:43:44 CET
iot-sn-a24,pallet01,17.42,14 Jan 2026 12:43:45 CET
iot-sn-a24,pallet01,13.45,14 Jan 2026 12:43:46 CET
iot-sn-a24,pallet03,10.38,14 Jan 2026 12:43:47 CET
iot-sn-a24,pallet01,27.79,14 Jan 2026 12:43:48 CET
iot-sn-a24,pallet03,19.58,14 Jan 2026 12:43:49 CET
iot-sn-a24,pallet03,19.27,14 Jan 2026 12:43:50 CET
iot-sn-a24,pallet01,16.36,14 Jan 2026 12:43:51 CET
iot-sn-a24,pallet02,14.3,14 Jan 2026 12:43:52 CET
iot-sn-a24,pallet03,15.81,14 Jan 2026 12:43:53 CET
iot-sn-a24,pallet01,24.32,14 Jan 2026 12:43:54 CET
iot-sn-a24,pallet01,10.17,14 Jan 2026 12:43:55 CET
iot-sn-a24,pallet01,21.34,14 Jan 2026 12:43:56 CET
iot-sn-a24,pallet03,21.95,14 Jan 2026 12:43:57 CET
iot-sn-a24,pallet01,26.56,14 Jan 2026 12:43:58 CET
iot-sn-a24,pallet02,16.65,14 Jan 2026 12:43:59 CET
iot-sn-a24,pallet01,18.12,14 Jan 2026 12:44:00 CET
iot-sn-a24,pallet03,26.61,14 Jan 2026 12:44:01 CET
iot-sn-a24,pallet03,16.92,14 Jan 2026 12:44:02 CET
iot-sn-a24,pallet02,13.29,14 Jan 2026 12:44:03 CET
iot-sn-a24,pallet03,13.89,14 Jan 2026 12:44:04 CET
iot-sn-a24,pallet03,23.31,14 Jan 2026 12:44:05 CET
iot-sn-a24,pallet01,18.42,14 Jan 2026 12:44:06 CET
iot-sn-a24,pallet03,28.49,14 Jan 2026 12:44:07 CET
iot-sn-a24,pallet03,24.7,14 Jan 2026 12:44:08 CET
iot-sn-a24,pallet03,11.42,14 Jan 2026 12:44:09 CET
iot-sn-a24,pallet03,25.63,14 Jan 2026 12:44:10 CET
iot-sn-a24,pallet03,22.29,14 Jan 2026 12:44:11 CET
iot-sn-a24,pallet03,11.63,14 Jan 2026 12:44:12 CET
iot-sn-a24,pallet03,11.42,14 Jan 2026 12:44:13 CET
iot-sn-a24,pallet02,23.52,14 Jan 2026 12:44:14 CET
iot-sn-a24,pallet01,16.58,14 Jan 2026 12:44:15 CET
iot-sn-a24,pallet02,11.96,14 Jan 2026 12:44:16 CET
iot-sn-a24,pallet01,28.75,14 Jan 2026 12:44:17 CET
iot-sn-a24,pallet01,26.86,14 Jan 2026 12:44:18 CET
iot-sn-a24,pallet02,20.18,14 Jan 2026 12:44:19 CET
iot-sn-a24,pallet02,17.03,14 Jan 2026 12:44:20 CET
iot-sn-a24,pallet01,21.49,14 Jan 2026 12:44:21 CET
iot-sn-a24,pallet03,16.37,14 Jan 2026 12:44:22 CET
iot-sn-a24,pallet01,18.25,14 Jan 2026 12:44:23 CET
iot-sn-a24,pallet01,16.01,14 Jan 2026 12:44:24 CET
iot-sn-a24,pallet02,14.39,14 Jan 2026 12:44:25 CET
iot-sn-a24,pallet01,20.49,14 Jan 2026 12:44:26 CET
iot-sn-a24,pallet01,10.03,14 Jan 2026 12:44:27 CET
iot-sn-a24,pallet01,24.74,14 Jan 2026 12:44:28 CET
iot-sn-a24,pallet03,29.07,14 Jan 2026 12:44:29 CET
iot-sn-a24,pallet03,19.42,14 Jan 2026 12:44:30 CET
iot-sn-a24,pallet01,16.68,14 Jan 2026 12:44:31 CET
iot-sn-a24,pallet01,29.91,14 Jan 2026 12:44:32 CET
iot-sn-a24,pallet03,10.15,14 Jan 2026 12:44:33 CET
iot-sn-a24,pallet01,14.88,14 Jan 2026 12:44:34 CET
iot-sn-a24,pallet03,11.93,14 Jan 2026 12:44:35 CET
iot-sn-a24,pallet02,27.71,14 Jan 2026 12:44:36 CET
iot-sn-a24,pallet01,29.66,14 Jan 2026 12:44:37 CET
iot-sn-a24,pallet03,29.19,14 Jan 2026 12:44:38 CET
iot-sn-a24,pallet03,15.38,14 Jan 2026 12:44:39 CET
iot-sn-a24,pallet03,11.8,14 Jan 2026 12:44:40 CET
iot-sn-a24,pallet01,15.68,14 Jan 2026 12:44:41 CET
iot-sn-a24,pallet02,27.05,14 Jan 2026 12:44:42 CET
iot-sn-a24,pallet01,16.93,14 Jan 2026 12:44:43 CET
iot-sn-a24,pallet01,16.8,14 Jan 2026 12:44:44 CET
iot-sn-a24,pallet02,16.66,14 Jan 2026 12:44:45 CET
iot-sn-a24,pallet03,29.02,14 Jan 2026 12:44:46 CET
iot-sn-a24,pallet02,20.18,14 Jan 2026 12:44:47 CET
iot-sn-a24,pallet01,18.22,14 Jan 2026 12:44:48 CET
iot-sn-a24,pallet03,19.45,14 Jan 2026 12:44:49 CET
iot-sn-a24,pallet01,17.84,14 Jan 2026 12:44:50 CET
iot-sn-a24,pallet02,16.93,14 Jan 2026 12:44:51 CET
iot-sn-a24,pallet03,14.93,14 Jan 2026 12:44:52 CET
iot-sn-a24,pallet01,29.94,14 Jan 2026 12:44:53 CET
iot-sn-a24,pallet02,19.6,14 Jan 2026 12:44:54 CET
iot-sn-a24,pallet03,17.89,14 Jan 2026 12:44:55 CET
iot-sn-a24,pallet01,15.35,14 Jan 2026 12:44:56 CET
iot-sn-a24,pallet01,18.36,14 Jan 2026 12:44:57 CET
iot-sn-a24,pallet01,27.84,14 Jan 2026 12:44:58 CET
iot-sn-a24,pallet02,14.65,14 Jan 2026 12:44:59 CET
iot-sn-a24,pallet01,27.4,14 Jan 2026 12:45:00 CET
iot-sn-a24,pallet03,15.27,14 Jan 2026 12:45:01 CET
iot-sn-a24,pallet03,18.04,14 Jan 2026 12:45:02 CET
iot-sn-a24,pallet03,24.06,14 Jan 2026 12:45:03 CET
iot-sn-a24,pallet03,14.18,14 Jan 2026 12:45:04 CET
iot-sn-a24,pallet03,25.59,14 Jan 2026 12:45:05 CET
iot-sn-a24,pallet01,26.26,14 Jan 2026 12:45:06 CET
iot-sn-a24,pallet01,28.38,14 Jan 2026 12:45:07 CET
iot-sn-a24,pallet03,13.85,14 Jan 2026 12:45:08 CET
iot-sn-a24,pallet02,28.54,14 Jan 2026 12:45:09 CET
iot-sn-a24,pallet02,25.54,14 Jan 2026 12:45:10 CET
iot-sn-a24,pallet03,19.7,14 Jan 2026 12:45:11 CET
iot-sn-a24,pallet01,26.88,14 Jan 2026 12:45:12 CET
iot-sn-a24,pallet02,27.31,14 Jan 2026 12:45:13 CET
iot-sn-a24,pallet01,20.76,14 Jan 2026 12:45:14 CET
iot-sn-a24,pallet02,18.76,14 Jan 2026 12:45:15 CET
iot-sn-a24,pallet03,10.6,14 Jan 2026 12:45:16 CET
iot-sn-a24,pallet01,20.14,14 Jan 2026 12:45:17 CET
iot-sn-a24,pallet03,18.32,14 Jan 2026 12:45:18 CET
iot-sn-a24,pallet03,10.78,14 Jan 2026 12:45:19 CET
iot-sn-a24,pallet01,16.25,14 Jan 2026 12:45:20 CET
iot-sn-a24,pallet01,15.26,14 Jan 2026 12:45:21 CET
iot-sn-a24,pallet03,21.72,14 Jan 2026 12:45:22 CET
iot-sn-a24,pallet01,13.6,14 Jan 2026 12:45:23 CET
iot-sn-a24,pallet03,14.1,14 Jan 2026 12:45:24 CET
iot-sn-a24,pallet03,19.17,14 Jan 2026 12:45:25 CET
iot-sn-a24,pallet03,10.02,14 Jan 2026 12:45:26 CET
iot-sn-a24,pallet01,22.04,14 Jan 2026 12:45:27 CET
iot-sn-a24,pallet03,16.68,14 Jan 2026 12:45:28 CET
iot-sn-a24,pallet01,13.24,14 Jan 2026 12:45:29 CET
iot-sn-a24,pallet03,20.34,14 Jan 2026 12:45:30 CET
iot-sn-a24,pallet02,10.8,14 Jan 2026 12:45:31 CET
iot-sn-a24,pallet01,14.15,14 Jan 2026 12:45:32 CET
iot-sn-a24,pallet01,10.7,14 Jan 2026 12:45:34 CET
iot-sn-a24,pallet02,17.72,14 Jan 2026 12:45:35 CET
iot-sn-a24,pallet02,13.17,14 Jan 2026 12:45:36 CET
iot-sn-a24,pallet03,14.82,14 Jan 2026 12:45:37 CET
iot-sn-a24,pallet01,29.62,14 Jan 2026 12:45:38 CET
iot-sn-a24,pallet01,14.84,14 Jan 2026 12:45:39 CET
iot-sn-a24,pallet01,14.3,14 Jan 2026 12:45:40 CET
iot-sn-a24,pallet03,17.7,14 Jan 2026 12:45:41 CET
iot-sn-a24,pallet02,13.58,14 Jan 2026 12:45:42 CET
iot-sn-a24,pallet01,17.6,14 Jan 2026 12:45:43 CET
iot-sn-a24,pallet02,16.44,14 Jan 2026 12:45:44 CET
iot-sn-a24,pallet02,16.14,14 Jan 2026 12:45:45 CET
iot-sn-a24,pallet03,12.38,14 Jan 2026 12:45:46 CET
iot-sn-a24,pallet01,15.57,14 Jan 2026 12:45:47 CET
iot-sn-a24,pallet03,20.94,14 Jan 2026 12:45:48 CET
iot-sn-a24,pallet03,20.1,14 Jan 2026 12:45:49 CET
iot-sn-a24,pallet01,27.53,14 Jan 2026 12:45:50 CET
iot-sn-a24,pallet01,12.3,14 Jan 2026 12:45:51 CET
iot-sn-a24,pallet03,17.3,14 Jan 2026 12:45:52 CET
iot-sn-a24,pallet03,12.43,14 Jan 2026 12:45:53 CET
iot-sn-a24,pallet03,28.65,14 Jan 2026 12:45:54 CET
iot-sn-a24,pallet03,23.01,14 Jan 2026 12:45:55 CET
iot-sn-a24,pallet01,26.31,14 Jan 2026 12:45:56 CET
iot-sn-a24,pallet03,22.04,14 Jan 2026 12:45:57 CET
iot-sn-a24,pallet03,15.65,14 Jan 2026 12:45:58 CET
iot-sn-a24,pallet03,24.27,14 Jan 2026 12:45:59 CET
iot-sn-a24,pallet03,20.29,14 Jan 2026 12:46:00 CET
iot-sn-a24,pallet03,20.83,14 Jan 2026 12:46:01 CET
iot-sn-a24,pallet03,19.4,14 Jan 2026 12:46:02 CET
iot-sn-a24,pallet03,20.58,14 Jan 2026 12:46:03 CET
iot-sn-a24,pallet03,16.38,14 Jan 2026 12:46:04 CET
iot-sn-a24,pallet03,25.2,14 Jan 2026 12:46:05 CET
iot-sn-a24,pallet03,27.41,14 Jan 2026 12:46:06 CET
iot-sn-a24,pallet03,16.51,14 Jan 2026 12:46:07 CET
iot-sn-a24,pallet02,11.16,14 Jan 2026 12:46:08 CET
iot-sn-a24,pallet02,11.07,14 Jan 2026 12:46:09 CET
iot-sn-a24,pallet03,28.58,14 Jan 2026 12:46:10 CET
iot-sn-a24,pallet01,20.52,14 Jan 2026 12:46:11 CET
iot-sn-a24,pallet01,18.88,14 Jan 2026 12:46:12 CET
iot-sn-a24,pallet02,17.17,14 Jan 2026 12:46:13 CET
iot-sn-a24,pallet03,12.1,14 Jan 2026 12:46:14 CET
iot-sn-a24,pallet01,18.58,14 Jan 2026 12:46:15 CET
iot-sn-a24,pallet01,13.87,14 Jan 2026 12:46:16 CET
iot-sn-a24,pallet03,25.73,14 Jan 2026 12:46:17 CET
iot-sn-a24,pallet01,19.47,14 Jan 2026 12:46:18 CET
iot-sn-a24,pallet03,23.35,14 Jan 2026 12:46:19 CET
iot-sn-a24,pallet01,24.46,14 Jan 2026 12:46:20 CET
iot-sn-a24,pallet02,18.61,14 Jan 2026 12:46:21 CET
iot-sn-a24,pallet03,13.89,14 Jan 2026 12:46:22 CET
iot-sn-a24,pallet02,16.56,14 Jan 2026 12:46:23 CET
iot-sn-a24,pallet03,20.76,14 Jan 2026 12:46:24 CET
iot-sn-a24,pallet01,29.64,14 Jan 2026 12:46:25 CET
iot-sn-a24,pallet03,28.11,14 Jan 2026 12:46:26 CET
iot-sn-a24,pallet01,17.05,14 Jan 2026 12:46:27 CET
iot-sn-a24,pallet01,23.64,14 Jan 2026 12:46:28 CET
iot-sn-a24,pallet02,19.66,14 Jan 2026 12:46:29 CET
iot-sn-a24,pallet01,24.11,14 Jan 2026 12:46:30 CET
iot-sn-a24,pallet01,11.81,14 Jan 2026 12:46:31 CET
iot-sn-a24,pallet03,11.17,14 Jan 2026 12:46:32 CET
iot-sn-a24,pallet03,24.9,14 Jan 2026 12:46:33 CET
iot-sn-a24,pallet02,18.85,14 Jan 2026 12:46:34 CET
iot-sn-a24,pallet02,25.12,14 Jan 2026 12:46:35 CET
iot-sn-a24,pallet03,14.26,14 Jan 2026 12:46:36 CET
iot-sn-a24,pallet01,23.08,14 Jan 2026 12:46:37 CET
iot-sn-a24,pallet02,24.48,14 Jan 2026 12:46:38 CET
iot-sn-a24,pallet01,17.73,14 Jan 2026 12:46:39 CET
iot-sn-a24,pallet03,22.54,14 Jan 2026 12:46:40 CET
iot-sn-a24,pallet02,27.11,14 Jan 2026 12:46:41 CET
iot-sn-a24,pallet02,25.33,14 Jan 2026 12:46:42 CET
iot-sn-a24,pallet03,23.81,14 Jan 2026 12:46:43 CET
iot-sn-a24,pallet02,29.47,14 Jan 2026 12:46:44 CET
iot-sn-a24,pallet01,15.69,14 Jan 2026 12:46:45 CET
iot-sn-a24,pallet02,14.63,14 Jan 2026 12:46:46 CET
iot-sn-a24,pallet01,10.51,14 Jan 2026 12:46:47 CET
iot-sn-a24,pallet02,13.93,14 Jan 2026 12:46:48 CET
iot-sn-a24,pallet01,19.77,14 Jan 2026 12:46:49 CET
iot-sn-a24,pallet01,20.8,14 Jan 2026 12:46:50 CET
iot-sn-a24,pallet02,28.51,14 Jan 2026 12:46:51 CET
iot-sn-a24,pallet01,19.67,14 Jan 2026 12:46:52 CET
iot-sn-a24,pallet03,29.69,14 Jan 2026 12:46:53 CET
iot-sn-a24,pallet03,23.47,14 Jan 2026 12:46:54 CET
iot-sn-a24,pallet03,21.05,14 Jan 2026 12:46:55 CET
iot-sn-a24,pallet03,16.4,14 Jan 2026 12:46:56 CET
iot-sn-a24,pallet02,25.47,14 Jan 2026 12:46:57 CET
iot-sn-a24,pallet03,14.88,14 Jan 2026 12:46:58 CET
iot-sn-a24,pallet01,26.9,14 Jan 2026 12:46:59 CET
iot-sn-a24,pallet01,12.09,14 Jan 2026 12:47:00 CET
iot-sn-a24,pallet01,17.62,14 Jan 2026 12:47:01 CET
iot-sn-a24,pallet02,13.19,14 Jan 2026 12:47:02 CET
iot-sn-a24,pallet02,22.44,14 Jan 2026 12:47:03 CET
iot-sn-a24,pallet03,23.95,14 Jan 2026 12:47:04 CET
iot-sn-a24,pallet03,21.26,14 Jan 2026 12:47:05 CET
iot-sn-a24,pallet03,27.36,14 Jan 2026 12:47:06 CET
iot-sn-a24,pallet03,15.24,14 Jan 2026 12:47:07 CET
iot-sn-a24,pallet02,12.06,14 Jan 2026 12:47:08 CET
iot-sn-a24,pallet02,16.24,14 Jan 2026 12:47:09 CET
iot-sn-a24,pallet03,12.65,14 Jan 2026 12:47:10 CET
iot-sn-a24,pallet03,23.16,14 Jan 2026 12:47:11 CET
iot-sn-a24,pallet02,17.81,14 Jan 2026 12:47:12 CET
iot-sn-a24,pallet01,28.49,14 Jan 2026 12:47:13 CET
iot-sn-a24,pallet01,24.07,14 Jan 2026 12:47:14 CET
iot-sn-a24,pallet03,12.35,14 Jan 2026 12:47:15 CET
iot-sn-a24,pallet02,14.5,14 Jan 2026 12:47:16 CET
iot-sn-a24,pallet02,22.82,14 Jan 2026 12:47:17 CET
iot-sn-a24,pallet03,20.49,14 Jan 2026 12:47:18 CET
iot-sn-a24,pallet03,28.12,14 Jan 2026 12:47:19 CET
iot-sn-a24,pallet01,22.61,14 Jan 2026 12:47:20 CET
iot-sn-a24,pallet03,25.12,14 Jan 2026 12:47:21 CET
iot-sn-a24,pallet03,27.44,14 Jan 2026 12:47:22 CET
iot-sn-a24,pallet02,27.76,14 Jan 2026 12:47:23 CET
iot-sn-a24,pallet01,12.91,14 Jan 2026 12:47:24 CET
iot-sn-a24,pallet01,16.85,14 Jan 2026 12:47:25 CET
iot-sn-a24,pallet02,29.59,14 Jan 2026 12:47:26 CET
iot-sn-a24,pallet01,13.86,14 Jan 2026 12:47:27 CET
iot-sn-a24,pallet01,20.85,14 Jan 2026 12:47:28 CET
iot-sn-a24,pallet02,28.62,14 Jan 2026 12:47:29 CET
iot-sn-a24,pallet03,20.43,14 Jan 2026 12:47:30 CET
iot-sn-a24,pallet02,16.41,14 Jan 2026 12:47:31 CET
iot-sn-a24,pallet02,26.59,14 Jan 2026 12:47:32 CET
iot-sn-a24,pallet01,19.85,14 Jan 2026 12:47:33 CET
iot-sn-a24,pallet02,23.73,14 Jan 2026 12:47:34 CET
iot-sn-a24,pallet03,28.34,14 Jan 2026 12:47:35 CET
iot-sn-a24,pallet01,20.27,14 Jan 2026 12:47:36 CET
iot-sn-a24,pallet02,15.68,14 Jan 2026 12:47:37 CET
iot-sn-a24,pallet02,12.64,14 Jan 2026 12:47:38 CET
iot-sn-a24,pallet01,26.07,14 Jan 2026 12:47:39 CET
iot-sn-a24,pallet01,23.51,14 Jan 2026 12:47:40 CET
iot-sn-a24,pallet02,16.77,14 Jan 2026 12:47:41 CET
iot-sn-a24,pallet03,13.42,14 Jan 2026 12:47:42 CET
iot-sn-a24,pallet03,25.36,14 Jan 2026 12:47:43 CET
iot-sn-a24,pallet01,19.67,14 Jan 2026 12:47:44 CET
iot-sn-a24,pallet02,11.01,14 Jan 2026 12:47:45 CET
iot-sn-a24,pallet02,17.51,14 Jan 2026 12:47:46 CET
iot-sn-a24,pallet02,25.12,14 Jan 2026 12:47:47 CET
iot-sn-a24,pallet03,27.13,14 Jan 2026 12:47:48 CET
iot-sn-a24,pallet01,24.46,14 Jan 2026 12:47:49 CET
iot-sn-a24,pallet03,19.95,14 Jan 2026 12:47:50 CET
iot-sn-a24,pallet03,16.51,14 Jan 2026 12:47:51 CET
iot-sn-a24,pallet03,13.6,14 Jan 2026 12:47:52 CET
iot-sn-a24,pallet01,25.36,14 Jan 2026 12:47:53 CET
iot-sn-a24,pallet02,13.8,14 Jan 2026 12:47:54 CET
iot-sn-a24,pallet03,12.33,14 Jan 2026 12:47:55 CET
iot-sn-a24,pallet02,26.69,14 Jan 2026 12:47:56 CET
iot-sn-a24,pallet01,18.03,14 Jan 2026 12:47:57 CET
iot-sn-a24,pallet03,10.75,14 Jan 2026 12:47:58 CET
iot-sn-a24,pallet03,29.98,14 Jan 2026 12:47:59 CET
iot-sn-a24,pallet02,25.38,14 Jan 2026 12:48:00 CET
iot-sn-a24,pallet02,22.34,14 Jan 2026 12:48:01 CET
iot-sn-a24,pallet01,19.97,14 Jan 2026 12:48:02 CET
iot-sn-a24,pallet03,28.09,14 Jan 2026 12:48:03 CET
iot-sn-a24,pallet01,28.3,14 Jan 2026 12:48:04 CET
iot-sn-a24,pallet03,25.29,14 Jan 2026 12:48:05 CET
iot-sn-a24,pallet01,19.87,14 Jan 2026 12:48:06 CET
iot-sn-a24,pallet01,29.79,14 Jan 2026 12:48:07 CET
iot-sn-a24,pallet03,17.75,14 Jan 2026 12:48:08 CET
iot-sn-a24,pallet03,16.38,14 Jan 2026 12:48:09 CET
iot-sn-a24,pallet01,12.42,14 Jan 2026 12:48:10 CET
iot-sn-a24,pallet02,25.71,14 Jan 2026 12:48:11 CET
iot-sn-a24,pallet01,20.6,14 Jan 2026 12:48:12 CET
iot-sn-a24,pallet03,11.59,14 Jan 2026 12:48:13 CET
iot-sn-a24,pallet03,28.59,14 Jan 2026 12:48:14 CET
iot-sn-a24,pallet02,26.26,14 Jan 2026 12:48:15 CET
iot-sn-a24,pallet01,14.65,14 Jan 2026 12:48:16 CET
iot-sn-a24,pallet03,17.34,14 Jan 2026 12:48:17 CET
iot-sn-a24,pallet02,11.04,14 Jan 2026 12:48:18 CET
iot-sn-a24,pallet03,16.14,14 Jan 2026 12:48:19 CET
iot-sn-a24,pallet02,26.66,14 Jan 2026 12:48:20 CET
iot-sn-a24,pallet03,19.37,14 Jan 2026 12:48:21 CET
iot-sn-a24,pallet01,23.66,14 Jan 2026 12:48:22 CET
iot-sn-a24,pallet02,26.71,14 Jan 2026 12:48:23 CET
iot-sn-a24,pallet01,14.21,14 Jan 2026 12:48:24 CET
iot-sn-a24,pallet01,19.89,14 Jan 2026 12:48:25 CET
iot-sn-a24,pallet03,24.24,14 Jan 2026 12:48:26 CET
iot-sn-a24,pallet03,21.2,14 Jan 2026 12:48:27 CET
iot-sn-a24,pallet01,16.5,14 Jan 2026 12:48:28 CET
iot-sn-a24,pallet03,27.13,14 Jan 2026 12:48:29 CET
iot-sn-a24,pallet01,23.21,14 Jan 2026 12:48:30 CET
iot-sn-a24,pallet03,17.49,14 Jan 2026 12:48:31 CET
iot-sn-a24,pallet01,17.89,14 Jan 2026 12:48:32 CET
iot-sn-a24,pallet02,18.88,14 Jan 2026 12:48:33 CET
iot-sn-a24,pallet01,10.12,14 Jan 2026 12:48:34 CET
iot-sn-a24,pallet02,24.27,14 Jan 2026 12:48:35 CET
iot-sn-a24,pallet02,27.07,14 Jan 2026 12:48:36 CET
iot-sn-a24,pallet02,19.18,14 Jan 2026 12:48:37 CET
iot-sn-a24,pallet01,18.02,14 Jan 2026 12:48:38 CET
iot-sn-a24,pallet02,23.73,14 Jan 2026 12:48:39 CET
iot-sn-a24,pallet02,16.41,14 Jan 2026 12:48:40 CET
iot-sn-a24,pallet02,17.58,14 Jan 2026 12:48:41 CET
iot-sn-a24,pallet02,25.17,14 Jan 2026 12:48:42 CET
iot-sn-a24,pallet02,19.12,14 Jan 2026 12:48:43 CET
iot-sn-a24,pallet03,28.62,14 Jan 2026 12:48:44 CET
iot-sn-a24,pallet02,11.66,14 Jan 2026 12:48:45 CET
iot-sn-a24,pallet02,23.82,14 Jan 2026 12:48:46 CET
iot-sn-a24,pallet03,17.59,14 Jan 2026 12:48:47 CET
iot-sn-a24,pallet02,20.56,14 Jan 2026 12:48:48 CET
iot-sn-a24,pallet03,28.79,14 Jan 2026 12:48:49 CET
iot-sn-a24,pallet02,14.21,14 Jan 2026 12:48:50 CET
iot-sn-a24,pallet02,15.87,14 Jan 2026 12:48:51 CET
iot-sn-a24,pallet02,17.16,14 Jan 2026 12:48:52 CET
iot-sn-a24,pallet02,10.54,14 Jan 2026 12:48:53 CET
iot-sn-a24,pallet02,24.41,14 Jan 2026 12:48:54 CET
iot-sn-a24,pallet01,19.89,14 Jan 2026 12:48:55 CET
iot-sn-a24,pallet03,18.07,14 Jan 2026 12:48:56 CET
iot-sn-a24,pallet02,15.03,14 Jan 2026 12:48:57 CET
iot-sn-a24,pallet01,10.9,14 Jan 2026 12:48:58 CET
iot-sn-a24,pallet03,20.08,14 Jan 2026 12:48:59 CET
iot-sn-a24,pallet01,25.5,14 Jan 2026 12:49:00 CET
iot-sn-a24,pallet01,10.72,14 Jan 2026 12:49:01 CET
iot-sn-a24,pallet01,10.93,14 Jan 2026 12:49:02 CET
iot-sn-a24,pallet01,23.42,14 Jan 2026 12:49:03 CET
iot-sn-a24,pallet01,14.0,14 Jan 2026 12:49:04 CET
iot-sn-a24,pallet01,22.51,14 Jan 2026 12:49:05 CET
iot-sn-a24,pallet01,13.84,14 Jan 2026 12:49:06 CET
iot-sn-a24,pallet01,25.11,14 Jan 2026 12:49:07 CET
iot-sn-a24,pallet01,21.09,14 Jan 2026 12:49:08 CET
iot-sn-a24,pallet02,21.24,14 Jan 2026 12:49:09 CET
iot-sn-a24,pallet02,11.4,14 Jan 2026 12:49:10 CET
iot-sn-a24,pallet02,11.45,14 Jan 2026 12:49:11 CET
iot-sn-a24,pallet01,27.82,14 Jan 2026 12:49:12 CET
iot-sn-a24,pallet01,26.71,14 Jan 2026 12:49:13 CET
iot-sn-a24,pallet01,18.63,14 Jan 2026 12:49:14 CET
iot-sn-a24,pallet02,25.35,14 Jan 2026 12:49:15 CET
iot-sn-a24,pallet01,27.06,14 Jan 2026 12:49:16 CET
iot-sn-a24,pallet02,21.22,14 Jan 2026 12:49:17 CET
iot-sn-a24,pallet03,21.85,14 Jan 2026 12:49:19 CET
iot-sn-a24,pallet01,24.45,14 Jan 2026 12:49:20 CET
iot-sn-a24,pallet01,20.57,14 Jan 2026 12:49:21 CET
iot-sn-a24,pallet03,14.92,14 Jan 2026 12:49:22 CET
iot-sn-a24,pallet03,18.58,14 Jan 2026 12:49:23 CET
iot-sn-a24,pallet03,20.02,14 Jan 2026 12:49:24 CET
iot-sn-a24,pallet03,14.17,14 Jan 2026 12:49:25 CET
iot-sn-a24,pallet03,14.26,14 Jan 2026 12:49:26 CET
iot-sn-a24,pallet02,28.33,14 Jan 2026 12:49:27 CET
iot-sn-a24,pallet01,28.38,14 Jan 2026 12:49:28 CET
iot-sn-a24,pallet03,14.46,14 Jan 2026 12:49:29 CET
iot-sn-a24,pallet01,21.5,14 Jan 2026 12:49:30 CET
iot-sn-a24,pallet03,22.75,14 Jan 2026 12:49:31 CET
iot-sn-a24,pallet01,25.83,14 Jan 2026 12:49:32 CET
iot-sn-a24,pallet01,21.6,14 Jan 2026 12:49:33 CET
iot-sn-a24,pallet02,26.74,14 Jan 2026 12:49:34 CET
iot-sn-a24,pallet03,10.29,14 Jan 2026 12:49:35 CET
iot-sn-a24,pallet03,11.97,14 Jan 2026 12:49:36 CET
iot-sn-a24,pallet02,17.4,14 Jan 2026 12:49:37 CET
iot-sn-a24,pallet03,13.72,14 Jan 2026 12:49:38 CET
iot-sn-a24,pallet01,16.51,14 Jan 2026 12:49:39 CET
iot-sn-a24,pallet02,15.05,14 Jan 2026 12:49:40 CET
iot-sn-a24,pallet03,21.62,14 Jan 2026 12:49:41 CET
iot-sn-a24,pallet03,16.14,14 Jan 2026 12:49:42 CET
iot-sn-a24,pallet02,11.94,14 Jan 2026 12:49:43 CET
iot-sn-a24,pallet02,12.31,14 Jan 2026 12:49:44 CET
iot-sn-a24,pallet03,12.56,14 Jan 2026 12:49:45 CET
iot-sn-a24,pallet03,28.55,14 Jan 2026 12:49:46 CET
iot-sn-a24,pallet03,22.44,14 Jan 2026 12:49:47 CET
iot-sn-a24,pallet03,28.63,14 Jan 2026 12:49:48 CET
iot-sn-a24,pallet02,23.42,14 Jan 2026 12:49:49 CET
iot-sn-a24,pallet01,11.86,14 Jan 2026 12:49:50 CET
iot-sn-a24,pallet02,25.19,14 Jan 2026 12:49:51 CET
iot-sn-a24,pallet01,21.57,14 Jan 2026 12:49:52 CET
iot-sn-a24,pallet01,26.46,14 Jan 2026 12:49:53 CET
iot-sn-a24,pallet03,17.49,14 Jan 2026 12:49:54 CET
iot-sn-a24,pallet03,29.41,14 Jan 2026 12:49:55 CET
iot-sn-a24,pallet03,24.52,14 Jan 2026 12:49:56 CET
iot-sn-a24,pallet03,19.97,14 Jan 2026 12:49:57 CET
iot-sn-a24,pallet01,26.4,14 Jan 2026 12:49:58 CET
iot-sn-a24,pallet03,23.96,14 Jan 2026 12:49:59 CET
iot-sn-a24,pallet03,15.36,14 Jan 2026 12:50:00 CET
iot-sn-a24,pallet02,26.66,14 Jan 2026 12:50:01 CET
iot-sn-a24,pallet01,28.11,14 Jan 2026 12:50:02 CET
iot-sn-a24,pallet02,17.56,14 Jan 2026 12:50:03 CET
iot-sn-a24,pallet01,24.94,14 Jan 2026 12:50:04 CET
iot-sn-a24,pallet01,21.74,14 Jan 2026 12:50:05 CET
iot-sn-a24,pallet02,21.25,14 Jan 2026 12:50:06 CET
iot-sn-a24,pallet02,10.82,14 Jan 2026 12:50:07 CET
iot-sn-a24,pallet02,14.59,14 Jan 2026 12:50:08 CET
iot-sn-a24,pallet02,23.43,14 Jan 2026 12:50:09 CET
iot-sn-a24,pallet01,12.76,14 Jan 2026 12:50:10 CET
iot-sn-a24,pallet01,12.29,14 Jan 2026 12:50:11 CET
iot-sn-a24,pallet03,28.4,14 Jan 2026 12:50:12 CET
iot-sn-a24,pallet02,16.64,14 Jan 2026 12:50:13 CET
iot-sn-a24,pallet03,12.35,14 Jan 2026 12:50:14 CET
iot-sn-a24,pallet02,16.96,14 Jan 2026 12:50:15 CET
iot-sn-a24,pallet02,13.94,14 Jan 2026 12:50:16 CET
iot-sn-a24,pallet03,10.84,14 Jan 2026 12:50:17 CET
iot-sn-a24,pallet01,14.92,14 Jan 2026 12:50:18 CET
iot-sn-a24,pallet02,27.92,14 Jan 2026 12:50:19 CET
iot-sn-a24,pallet03,11.82,14 Jan 2026 12:50:20 CET
iot-sn-a24,pallet02,23.44,14 Jan 2026 12:50:21 CET
iot-sn-a24,pallet03,24.91,14 Jan 2026 12:50:22 CET
iot-sn-a24,pallet01,13.68,14 Jan 2026 12:50:23 CET
iot-sn-a24,pallet01,15.25,14 Jan 2026 12:50:24 CET
iot-sn-a24,pallet02,23.3,14 Jan 2026 12:50:25 CET
iot-sn-a24,pallet01,27.08,14 Jan 2026 12:50:26 CET
iot-sn-a24,pallet03,14.57,14 Jan 2026 12:50:27 CET
iot-sn-a24,pallet03,29.23,14 Jan 2026 12:50:28 CET
iot-sn-a24,pallet02,25.08,14 Jan 2026 12:50:29 CET
iot-sn-a24,pallet01,21.84,14 Jan 2026 12:50:30 CET
iot-sn-a24,pallet02,13.28,14 Jan 2026 12:50:31 CET
iot-sn-a24,pallet03,13.23,14 Jan 2026 12:50:32 CET
iot-sn-a24,pallet01,17.79,14 Jan 2026 12:50:33 CET
iot-sn-a24,pallet01,27.76,14 Jan 2026 12:50:34 CET
iot-sn-a24,pallet02,21.0,14 Jan 2026 12:50:35 CET
iot-sn-a24,pallet01,19.72,14 Jan 2026 12:50:36 CET
iot-sn-a24,pallet03,22.19,14 Jan 2026 12:50:37 CET
iot-sn-a24,pallet01,10.81,14 Jan 2026 12:50:38 CET
iot-sn-a24,pallet03,18.83,14 Jan 2026 12:50:39 CET
iot-sn-a24,pallet03,29.74,14 Jan 2026 12:50:40 CET
iot-sn-a24,pallet03,17.96,14 Jan 2026 12:50:41 CET
iot-sn-a24,pallet03,21.08,14 Jan 2026 12:50:42 CET
iot-sn-a24,pallet02,12.28,14 Jan 2026 12:50:43 CET
iot-sn-a24,pallet02,14.83,14 Jan 2026 12:50:44 CET
iot-sn-a24,pallet03,14.72,14 Jan 2026 12:50:45 CET
iot-sn-a24,pallet03,20.67,14 Jan 2026 12:50:46 CET
iot-sn-a24,pallet01,28.32,14 Jan 2026 12:50:47 CET
iot-sn-a24,pallet01,22.17,14 Jan 2026 12:50:48 CET
iot-sn-a24,pallet01,25.52,14 Jan 2026 12:50:49 CET
iot-sn-a24,pallet02,20.24,14 Jan 2026 12:50:50 CET
iot-sn-a24,pallet02,13.78,14 Jan 2026 12:50:51 CET
iot-sn-a24,pallet01,29.85,14 Jan 2026 12:50:52 CET
iot-sn-a24,pallet01,11.69,14 Jan 2026 12:50:53 CET
iot-sn-a24,pallet02,25.83,14 Jan 2026 12:50:54 CET
iot-sn-a24,pallet01,28.13,14 Jan 2026 12:50:55 CET
iot-sn-a24,pallet01,25.2,14 Jan 2026 12:50:56 CET
iot-sn-a24,pallet03,19.48,14 Jan 2026 12:50:57 CET
iot-sn-a24,pallet03,28.29,14 Jan 2026 12:50:58 CET
iot-sn-a24,pallet03,13.43,14 Jan 2026 12:50:59 CET
iot-sn-a24,pallet03,24.03,14 Jan 2026 12:51:00 CET
iot-sn-a24,pallet02,29.27,14 Jan 2026 12:51:01 CET
iot-sn-a24,pallet03,23.04,14 Jan 2026 12:51:02 CET
iot-sn-a24,pallet02,26.73,14 Jan 2026 12:51:03 CET
iot-sn-a24,pallet03,19.09,14 Jan 2026 12:51:04 CET
iot-sn-a24,pallet02,15.63,14 Jan 2026 12:51:05 CET
iot-sn-a24,pallet03,16.81,14 Jan 2026 12:51:06 CET
iot-sn-a24,pallet01,10.63,14 Jan 2026 12:51:07 CET
iot-sn-a24,pallet03,29.36,14 Jan 2026 12:51:08 CET
iot-sn-a24,pallet03,28.31,14 Jan 2026 12:51:09 CET
iot-sn-a24,pallet03,23.05,14 Jan 2026 12:51:10 CET
iot-sn-a24,pallet03,29.29,14 Jan 2026 12:51:11 CET
iot-sn-a24,pallet01,12.73,14 Jan 2026 12:51:12 CET
iot-sn-a24,pallet02,22.31,14 Jan 2026 12:51:13 CET
iot-sn-a24,pallet02,16.6,14 Jan 2026 12:51:14 CET
iot-sn-a24,pallet01,29.73,14 Jan 2026 12:51:15 CET
iot-sn-a24,pallet02,11.14,14 Jan 2026 12:51:16 CET
iot-sn-a24,pallet02,28.96,14 Jan 2026 12:51:17 CET
iot-sn-a24,pallet03,13.57,14 Jan 2026 12:51:18 CET
iot-sn-a24,pallet02,15.68,14 Jan 2026 12:51:19 CET
iot-sn-a24,pallet03,11.0,14 Jan 2026 12:51:20 CET
iot-sn-a24,pallet03,14.54,14 Jan 2026 12:51:21 CET
iot-sn-a24,pallet01,21.11,14 Jan 2026 12:51:22 CET
iot-sn-a24,pallet02,17.09,14 Jan 2026 12:51:23 CET
iot-sn-a24,pallet03,23.37,14 Jan 2026 12:51:24 CET
iot-sn-a24,pallet01,15.38,14 Jan 2026 12:51:25 CET
iot-sn-a24,pallet01,29.71,14 Jan 2026 12:51:26 CET
iot-sn-a24,pallet03,21.61,14 Jan 2026 12:51:27 CET
iot-sn-a24,pallet03,10.88,14 Jan 2026 12:51:28 CET
iot-sn-a24,pallet01,16.38,14 Jan 2026 12:51:29 CET
iot-sn-a24,pallet03,12.65,14 Jan 2026 12:51:30 CET
iot-sn-a24,pallet01,28.71,14 Jan 2026 12:51:31 CET
iot-sn-a24,pallet01,25.13,14 Jan 2026 12:51:32 CET
iot-sn-a24,pallet02,11.21,14 Jan 2026 12:51:33 CET
iot-sn-a24,pallet03,14.72,14 Jan 2026 12:51:34 CET
iot-sn-a24,pallet01,10.35,14 Jan 2026 12:51:35 CET
iot-sn-a24,pallet03,27.07,14 Jan 2026 12:51:36 CET
iot-sn-a24,pallet02,13.19,14 Jan 2026 12:51:37 CET
iot-sn-a24,pallet03,28.65,14 Jan 2026 12:51:38 CET
iot-sn-a24,pallet01,17.66,14 Jan 2026 12:51:39 CET
iot-sn-a24,pallet01,15.66,14 Jan 2026 12:51:40 CET
iot-sn-a24,pallet02,26.85,14 Jan 2026 12:51:41 CET
iot-sn-a24,pallet02,21.08,14 Jan 2026 12:51:42 CET
iot-sn-a24,pallet02,13.12,14 Jan 2026 12:51:43 CET
iot-sn-a24,pallet01,14.1,14 Jan 2026 12:51:44 CET
iot-sn-a24,pallet03,17.69,14 Jan 2026 12:51:45 CET
iot-sn-a24,pallet01,12.44,14 Jan 2026 12:51:46 CET
iot-sn-a24,pallet03,10.78,14 Jan 2026 12:51:47 CET
iot-sn-a24,pallet01,13.08,14 Jan 2026 12:51:48 CET
iot-sn-a24,pallet01,22.14,14 Jan 2026 12:51:49 CET
iot-sn-a24,pallet01,23.56,14 Jan 2026 12:51:50 CET
iot-sn-a24,pallet01,29.15,14 Jan 2026 12:51:51 CET
iot-sn-a24,pallet02,27.84,14 Jan 2026 12:51:52 CET
iot-sn-a24,pallet03,22.81,14 Jan 2026 12:51:53 CET
iot-sn-a24,pallet01,17.18,14 Jan 2026 12:51:54 CET
iot-sn-a24,pallet02,25.39,14 Jan 2026 12:51:55 CET
iot-sn-a24,pallet02,22.7,14 Jan 2026 12:51:56 CET
iot-sn-a24,pallet01,14.04,14 Jan 2026 12:51:57 CET
iot-sn-a24,pallet01,22.81,14 Jan 2026 12:51:58 CET
iot-sn-a24,pallet02,17.98,14 Jan 2026 12:51:59 CET
iot-sn-a24,pallet02,16.94,14 Jan 2026 12:52:00 CET
iot-sn-a24,pallet02,19.22,14 Jan 2026 12:52:01 CET
iot-sn-a24,pallet02,10.22,14 Jan 2026 12:52:02 CET
iot-sn-a24,pallet03,18.29,14 Jan 2026 12:52:03 CET
iot-sn-a24,pallet03,24.09,14 Jan 2026 12:52:04 CET
iot-sn-a24,pallet03,10.81,14 Jan 2026 12:52:05 CET
iot-sn-a24,pallet01,13.38,14 Jan 2026 12:52:06 CET
iot-sn-a24,pallet03,19.41,14 Jan 2026 12:52:07 CET
iot-sn-a24,pallet02,11.02,14 Jan 2026 12:52:08 CET
iot-sn-a24,pallet01,20.0,14 Jan 2026 12:52:09 CET
iot-sn-a24,pallet03,29.14,14 Jan 2026 12:52:10 CET
iot-sn-a24,pallet02,24.72,14 Jan 2026 12:52:11 CET
iot-sn-a24,pallet01,14.24,14 Jan 2026 12:52:12 CET
iot-sn-a24,pallet03,11.57,14 Jan 2026 12:52:13 CET
iot-sn-a24,pallet01,18.57,14 Jan 2026 12:52:14 CET
iot-sn-a24,pallet03,17.41,14 Jan 2026 12:52:15 CET
iot-sn-a24,pallet02,14.38,14 Jan 2026 12:52:16 CET
iot-sn-a24,pallet01,17.26,14 Jan 2026 12:52:17 CET
iot-sn-a24,pallet01,18.34,14 Jan 2026 12:52:18 CET
iot-sn-a24,pallet03,16.41,14 Jan 2026 12:52:19 CET
iot-sn-a24,pallet03,10.43,14 Jan 2026 12:52:20 CET
iot-sn-a24,pallet02,25.17,14 Jan 2026 12:52:21 CET
iot-sn-a24,pallet03,23.72,14 Jan 2026 12:52:22 CET
iot-sn-a24,pallet01,18.03,14 Jan 2026 12:52:23 CET
iot-sn-a24,pallet02,12.22,14 Jan 2026 12:52:24 CET
iot-sn-a24,pallet01,26.11,14 Jan 2026 12:52:25 CET
iot-sn-a24,pallet01,16.77,14 Jan 2026 12:52:26 CET
iot-sn-a24,pallet02,21.38,14 Jan 2026 12:52:27 CET
iot-sn-a24,pallet02,21.76,14 Jan 2026 12:52:28 CET
iot-sn-a24,pallet02,20.17,14 Jan 2026 12:52:29 CET
iot-sn-a24,pallet01,29.0,14 Jan 2026 12:52:30 CET
iot-sn-a24,pallet01,26.23,14 Jan 2026 12:52:31 CET
iot-sn-a24,pallet03,27.97,14 Jan 2026 12:52:32 CET
iot-sn-a24,pallet02,10.21,14 Jan 2026 12:52:33 CET
iot-sn-a24,pallet02,21.86,14 Jan 2026 12:52:34 CET
iot-sn-a24,pallet03,28.17,14 Jan 2026 12:52:35 CET
iot-sn-a24,pallet01,15.67,14 Jan 2026 12:52:36 CET
iot-sn-a24,pallet01,21.64,14 Jan 2026 12:52:37 CET
iot-sn-a24,pallet01,27.87,14 Jan 2026 12:52:38 CET
iot-sn-a24,pallet02,26.53,14 Jan 2026 12:52:39 CET
iot-sn-a24,pallet01,18.85,14 Jan 2026 12:52:40 CET
iot-sn-a24,pallet01,10.4,14 Jan 2026 12:52:41 CET
iot-sn-a24,pallet03,13.64,14 Jan 2026 12:52:42 CET
iot-sn-a24,pallet02,12.59,14 Jan 2026 12:52:43 CET
iot-sn-a24,pallet02,10.68,14 Jan 2026 12:52:44 CET
iot-sn-a24,pallet01,29.66,14 Jan 2026 12:52:45 CET
iot-sn-a24,pallet03,16.16,14 Jan 2026 12:52:46 CET
iot-sn-a24,pallet02,19.49,14 Jan 2026 12:52:47 CET
iot-sn-a24,pallet01,25.29,14 Jan 2026 12:52:48 CET
iot-sn-a24,pallet03,15.67,14 Jan 2026 12:52:49 CET
iot-sn-a24,pallet01,16.6,14 Jan 2026 12:52:50 CET
iot-sn-a24,pallet03,22.28,14 Jan 2026 12:52:51 CET
iot-sn-a24,pallet01,11.88,14 Jan 2026 12:52:52 CET
iot-sn-a24,pallet01,17.46,14 Jan 2026 12:52:53 CET
iot-sn-a24,pallet03,25.53,14 Jan 2026 12:52:54 CET
iot-sn-a24,pallet03,13.15,14 Jan 2026 12:52:55 CET
iot-sn-a24,pallet03,29.56,14 Jan 2026 12:52:57 CET
iot-sn-a24,pallet03,20.7,14 Jan 2026 12:52:58 CET
iot-sn-a24,pallet03,10.1,14 Jan 2026 12:52:59 CET
iot-sn-a24,pallet01,25.17,14 Jan 2026 12:53:00 CET
iot-sn-a24,pallet01,24.26,14 Jan 2026 12:53:01 CET
iot-sn-a24,pallet01,19.02,14 Jan 2026 12:53:02 CET
iot-sn-a24,pallet01,28.83,14 Jan 2026 12:53:03 CET
iot-sn-a24,pallet01,29.92,14 Jan 2026 12:53:04 CET
iot-sn-a24,pallet02,16.34,14 Jan 2026 12:53:05 CET
iot-sn-a24,pallet01,11.92,14 Jan 2026 12:53:06 CET
iot-sn-a24,pallet03,28.43,14 Jan 2026 12:53:07 CET
iot-sn-a24,pallet02,19.33,14 Jan 2026 12:53:08 CET
iot-sn-a24,pallet03,14.27,14 Jan 2026 12:53:09 CET
iot-sn-a24,pallet03,27.9,14 Jan 2026 12:53:10 CET
iot-sn-a24,pallet03,14.75,14 Jan 2026 12:53:11 CET
iot-sn-a24,pallet03,11.02,14 Jan 2026 12:53:12 CET
iot-sn-a24,pallet02,23.62,14 Jan 2026 12:53:13 CET
iot-sn-a24,pallet01,18.8,14 Jan 2026 12:53:14 CET
iot-sn-a24,pallet01,27.31,14 Jan 2026 12:53:15 CET
iot-sn-a24,pallet03,15.91,14 Jan 2026 12:53:16 CET
iot-sn-a24,pallet03,21.14,14 Jan 2026 12:53:17 CET
iot-sn-a24,pallet01,13.74,14 Jan 2026 12:53:18 CET
iot-sn-a24,pallet03,11.56,14 Jan 2026 12:53:19 CET
iot-sn-a24,pallet03,19.63,14 Jan 2026 12:53:20 CET
iot-sn-a24,pallet02,15.48,14 Jan 2026 12:53:21 CET
iot-sn-a24,pallet02,25.42,14 Jan 2026 12:53:22 CET
iot-sn-a24,pallet03,19.2,14 Jan 2026 12:53:23 CET
iot-sn-a24,pallet01,13.75,14 Jan 2026 12:53:24 CET
iot-sn-a24,pallet03,25.85,14 Jan 2026 12:53:25 CET
iot-sn-a24,pallet03,26.24,14 Jan 2026 12:53:26 CET
iot-sn-a24,pallet03,10.46,14 Jan 2026 12:53:27 CET
iot-sn-a24,pallet02,19.83,14 Jan 2026 12:53:28 CET
iot-sn-a24,pallet02,26.78,14 Jan 2026 12:53:29 CET
iot-sn-a24,pallet03,23.64,14 Jan 2026 12:53:30 CET
iot-sn-a24,pallet02,20.59,14 Jan 2026 12:53:31 CET
iot-sn-a24,pallet02,24.47,14 Jan 2026 12:53:32 CET
iot-sn-a24,pallet02,29.89,14 Jan 2026 12:53:33 CET
iot-sn-a24,pallet02,12.89,14 Jan 2026 12:53:34 CET
iot-sn-a24,pallet01,23.04,14 Jan 2026 12:53:35 CET
iot-sn-a24,pallet01,25.93,14 Jan 2026 12:53:36 CET
iot-sn-a24,pallet03,25.75,14 Jan 2026 12:53:37 CET
iot-sn-a24,pallet01,13.53,14 Jan 2026 12:53:38 CET
iot-sn-a24,pallet03,12.78,14 Jan 2026 12:53:39 CET
iot-sn-a24,pallet03,13.82,14 Jan 2026 12:53:40 CET
iot-sn-a24,pallet03,25.2,14 Jan 2026 12:53:41 CET
iot-sn-a24,pallet02,10.31,14 Jan 2026 12:53:42 CET
iot-sn-a24,pallet01,17.49,14 Jan 2026 12:53:43 CET
iot-sn-a24,pallet02,18.97,14 Jan 2026 12:53:44 CET
iot-sn-a24,pallet03,23.11,14 Jan 2026 12:53:45 CET
iot-sn-a24,pallet02,19.48,14 Jan 2026 12:53:46 CET
iot-sn-a24,pallet03,24.78,14 Jan 2026 12:53:47 CET
iot-sn-a24,pallet02,12.82,14 Jan 2026 12:53:48 CET
iot-sn-a24,pallet03,12.12,14 Jan 2026 12:53:49 CET
iot-sn-a24,pallet01,27.84,14 Jan 2026 12:53:50 CET
iot-sn-a24,pallet02,14.59,14 Jan 2026 12:53:51 CET
iot-sn-a24,pallet03,21.33,14 Jan 2026 12:53:52 CET
iot-sn-a24,pallet02,28.69,14 Jan 2026 12:53:53 CET
iot-sn-a24,pallet02,19.24,14 Jan 2026 12:53:54 CET
iot-sn-a24,pallet03,14.63,14 Jan 2026 12:53:55 CET
iot-sn-a24,pallet02,20.19,14 Jan 2026 12:53:56 CET
iot-sn-a24,pallet02,11.58,14 Jan 2026 12:53:57 CET
iot-sn-a24,pallet02,23.87,14 Jan 2026 12:53:58 CET
iot-sn-a24,pallet03,21.15,14 Jan 2026 12:53:59 CET
iot-sn-a24,pallet01,24.39,14 Jan 2026 12:54:00 CET
iot-sn-a24,pallet03,11.64,14 Jan 2026 12:54:01 CET
iot-sn-a24,pallet01,25.64,14 Jan 2026 12:54:02 CET
iot-sn-a24,pallet02,29.94,14 Jan 2026 12:54:03 CET
iot-sn-a24,pallet02,16.11,14 Jan 2026 12:54:04 CET
iot-sn-a24,pallet03,24.36,14 Jan 2026 12:54:05 CET
iot-sn-a24,pallet02,18.31,14 Jan 2026 12:54:06 CET
iot-sn-a24,pallet02,12.2,14 Jan 2026 12:54:07 CET
iot-sn-a24,pallet01,23.06,14 Jan 2026 12:54:08 CET
iot-sn-a24,pallet02,18.23,14 Jan 2026 12:54:09 CET
iot-sn-a24,pallet03,26.0,14 Jan 2026 12:54:10 CET
iot-sn-a24,pallet01,22.08,14 Jan 2026 12:54:11 CET
iot-sn-a24,pallet02,27.54,14 Jan 2026 12:54:12 CET
iot-sn-a24,pallet03,20.81,14 Jan 2026 12:54:13 CET
iot-sn-a24,pallet03,18.56,14 Jan 2026 12:54:14 CET
iot-sn-a24,pallet01,23.82,14 Jan 2026 12:54:15 CET
iot-sn-a24,pallet02,29.04,14 Jan 2026 12:54:16 CET
iot-sn-a24,pallet03,15.37,14 Jan 2026 12:54:17 CET
iot-sn-a24,pallet01,23.7,14 Jan 2026 12:54:18 CET
iot-sn-a24,pallet01,28.6,14 Jan 2026 12:54:19 CET
iot-sn-a24,pallet01,21.82,14 Jan 2026 12:54:20 CET
iot-sn-a24,pallet01,12.43,14 Jan 2026 12:54:21 CET
iot-sn-a24,pallet01,26.31,14 Jan 2026 12:54:22 CET
iot-sn-a24,pallet02,15.97,14 Jan 2026 12:54:23 CET
iot-sn-a24,pallet01,19.79,14 Jan 2026 12:54:24 CET
iot-sn-a24,pallet02,22.18,14 Jan 2026 12:54:25 CET
iot-sn-a24,pallet02,24.99,14 Jan 2026 12:54:26 CET
iot-sn-a24,pallet01,28.88,14 Jan 2026 12:54:27 CET
iot-sn-a24,pallet01,19.9,14 Jan 2026 12:54:28 CET
iot-sn-a24,pallet02,17.39,14 Jan 2026 12:54:29 CET
iot-sn-a24,pallet03,20.07,14 Jan 2026 12:54:30 CET
iot-sn-a24,pallet02,20.5,14 Jan 2026 12:54:31 CET
iot-sn-a24,pallet01,27.72,14 Jan 2026 12:54:32 CET
iot-sn-a24,pallet03,18.36,14 Jan 2026 12:54:33 CET
iot-sn-a24,pallet02,28.05,14 Jan 2026 12:54:34 CET
iot-sn-a24,pallet01,10.44,14 Jan 2026 12:54:35 CET
iot-sn-a24,pallet02,19.46,14 Jan 2026 12:54:36 CET
iot-sn-a24,pallet03,16.44,14 Jan 2026 12:54:37 CET
iot-sn-a24,pallet02,25.36,14 Jan 2026 12:54:38 CET
iot-sn-a24,pallet01,19.15,14 Jan 2026 12:54:39 CET
iot-sn-a24,pallet01,28.42,14 Jan 2026 12:54:40 CET
iot-sn-a24,pallet01,21.26,14 Jan 2026 12:54:41 CET
iot-sn-a24,pallet03,25.03,14 Jan 2026 12:54:42 CET
iot-sn-a24,pallet02,25.97,14 Jan 2026 12:54:43 CET
iot-sn-a24,pallet03,14.46,14 Jan 2026 12:54:44 CET
iot-sn-a24,pallet02,25.5,14 Jan 2026 12:54:45 CET
iot-sn-a24,pallet02,27.09,14 Jan 2026 12:54:46 CET
iot-sn-a24,pallet01,15.73,14 Jan 2026 12:54:47 CET
iot-sn-a24,pallet03,24.22,14 Jan 2026 12:54:48 CET
iot-sn-a24,pallet02,12.6,14 Jan 2026 12:54:49 CET
iot-sn-a24,pallet02,25.66,14 Jan 2026 12:54:50 CET
iot-sn-a24,pallet01,23.65,14 Jan 2026 12:54:51 CET
iot-sn-a24,pallet03,10.06,14 Jan 2026 12:54:52 CET
iot-sn-a24,pallet03,19.06,14 Jan 2026 12:54:53 CET
iot-sn-a24,pallet02,28.01,14 Jan 2026 12:54:54 CET
iot-sn-a24,pallet02,11.26,14 Jan 2026 12:54:55 CET
iot-sn-a24,pallet02,17.24,14 Jan 2026 12:54:56 CET
iot-sn-a24,pallet02,25.22,14 Jan 2026 12:54:57 CET
iot-sn-a24,pallet02,19.07,14 Jan 2026 12:54:58 CET
iot-sn-a24,pallet01,29.95,14 Jan 2026 12:54:59 CET
iot-sn-a24,pallet01,19.39,14 Jan 2026 12:55:00 CET
iot-sn-a24,pallet03,14.61,14 Jan 2026 12:55:01 CET
iot-sn-a24,pallet02,11.06,14 Jan 2026 12:55:02 CET
iot-sn-a24,pallet03,23.51,14 Jan 2026 12:55:03 CET
iot-sn-a24,pallet01,28.84,14 Jan 2026 12:55:04 CET
iot-sn-a24,pallet01,11.89,14 Jan 2026 12:55:05 CET
iot-sn-a24,pallet01,17.33,14 Jan 2026 12:55:06 CET
iot-sn-a24,pallet02,15.53,14 Jan 2026 12:55:07 CET
iot-sn-a24,pallet02,22.29,14 Jan 2026 12:55:08 CET
iot-sn-a24,pallet01,14.41,14 Jan 2026 12:55:09 CET
iot-sn-a24,pallet03,29.69,14 Jan 2026 12:55:10 CET
iot-sn-a24,pallet03,28.28,14 Jan 2026 12:55:11 CET
iot-sn-a24,pallet01,24.59,14 Jan 2026 12:55:12 CET
iot-sn-a24,pallet01,14.59,14 Jan 2026 12:55:13 CET
iot-sn-a24,pallet01,16.06,14 Jan 2026 12:55:14 CET
iot-sn-a24,pallet02,27.31,14 Jan 2026 12:55:15 CET
iot-sn-a24,pallet03,19.91,14 Jan 2026 12:55:16 CET
iot-sn-a24,pallet01,20.39,14 Jan 2026 12:55:17 CET
iot-sn-a24,pallet01,20.86,14 Jan 2026 12:55:18 CET
iot-sn-a24,pallet02,19.12,14 Jan 2026 12:55:19 CET
iot-sn-a24,pallet02,17.43,14 Jan 2026 12:55:20 CET
iot-sn-a24,pallet02,14.62,14 Jan 2026 12:55:21 CET
iot-sn-a24,pallet03,20.7,14 Jan 2026 12:55:22 CET
iot-sn-a24,pallet03,19.49,14 Jan 2026 12:55:23 CET
iot-sn-a24,pallet02,17.92,14 Jan 2026 12:55:24 CET
iot-sn-a24,pallet03,18.32,14 Jan 2026 12:55:25 CET
iot-sn-a24,pallet01,25.34,14 Jan 2026 12:55:26 CET
iot-sn-a24,pallet02,23.24,14 Jan 2026 12:55:27 CET
iot-sn-a24,pallet03,19.21,14 Jan 2026 12:55:28 CET
iot-sn-a24,pallet03,12.7,14 Jan 2026 12:55:29 CET
iot-sn-a24,pallet01,10.93,14 Jan 2026 12:55:30 CET
iot-sn-a24,pallet01,18.09,14 Jan 2026 12:55:31 CET
iot-sn-a24,pallet02,17.4,14 Jan 2026 12:55:32 CET
iot-sn-a24,pallet02,18.84,14 Jan 2026 12:55:33 CET
iot-sn-a24,pallet02,12.13,14 Jan 2026 12:55:34 CET
iot-sn-a24,pallet02,10.65,14 Jan 2026 12:55:35 CET
iot-sn-a24,pallet01,23.3,14 Jan 2026 12:55:36 CET
iot-sn-a24,pallet01,13.53,14 Jan 2026 12:55:37 CET
iot-sn-a24,pallet03,14.42,14 Jan 2026 12:55:38 CET
iot-sn-a24,pallet03,19.99,14 Jan 2026 12:55:39 CET
iot-sn-a24,pallet01,14.39,14 Jan 2026 12:55:40 CET
iot-sn-a24,pallet02,12.66,14 Jan 2026 12:55:41 CET
iot-sn-a24,pallet01,15.09,14 Jan 2026 12:55:42 CET
iot-sn-a24,pallet03,11.26,14 Jan 2026 12:55:43 CET
iot-sn-a24,pallet01,29.72,14 Jan 2026 12:55:44 CET
iot-sn-a24,pallet02,22.44,14 Jan 2026 12:55:45 CET
iot-sn-a24,pallet03,12.61,14 Jan 2026 12:55:46 CET
iot-sn-a24,pallet02,27.08,14 Jan 2026 12:55:47 CET
iot-sn-a24,pallet03,19.74,14 Jan 2026 12:55:48 CET
iot-sn-a24,pallet02,16.33,14 Jan 2026 12:55:49 CET
iot-sn-a24,pallet02,17.01,14 Jan 2026 12:55:50 CET
iot-sn-a24,pallet03,19.03,14 Jan 2026 12:55:51 CET
iot-sn-a24,pallet03,21.08,14 Jan 2026 12:55:52 CET
iot-sn-a24,pallet02,29.97,14 Jan 2026 12:55:53 CET
iot-sn-a24,pallet02,16.87,14 Jan 2026 12:55:54 CET
iot-sn-a24,pallet03,12.49,14 Jan 2026 12:55:55 CET
iot-sn-a24,pallet02,26.95,14 Jan 2026 12:55:56 CET
iot-sn-a24,pallet01,25.03,14 Jan 2026 12:55:57 CET
iot-sn-a24,pallet03,15.35,14 Jan 2026 12:55:58 CET
iot-sn-a24,pallet03,15.23,14 Jan 2026 12:55:59 CET
iot-sn-a24,pallet01,11.61,14 Jan 2026 12:56:00 CET
iot-sn-a24,pallet02,15.87,14 Jan 2026 12:56:01 CET
iot-sn-a24,pallet03,22.54,14 Jan 2026 12:56:02 CET
iot-sn-a24,pallet02,25.13,14 Jan 2026 12:56:03 CET
iot-sn-a24,pallet02,12.31,14 Jan 2026 12:56:04 CET
iot-sn-a24,pallet01,25.63,14 Jan 2026 12:56:05 CET
iot-sn-a24,pallet01,29.94,14 Jan 2026 12:56:06 CET
iot-sn-a24,pallet03,12.65,14 Jan 2026 12:56:07 CET
iot-sn-a24,pallet03,10.92,14 Jan 2026 12:56:08 CET
iot-sn-a24,pallet02,29.78,14 Jan 2026 12:56:09 CET
iot-sn-a24,pallet01,19.1,14 Jan 2026 12:56:10 CET
iot-sn-a24,pallet02,10.07,14 Jan 2026 12:56:11 CET
iot-sn-a24,pallet01,25.79,14 Jan 2026 12:56:12 CET
iot-sn-a24,pallet02,22.3,14 Jan 2026 12:56:13 CET
iot-sn-a24,pallet02,14.74,14 Jan 2026 12:56:14 CET
iot-sn-a24,pallet03,24.07,14 Jan 2026 12:56:15 CET
iot-sn-a24,pallet01,16.67,14 Jan 2026 12:56:16 CET
iot-sn-a24,pallet02,20.96,14 Jan 2026 12:56:17 CET
iot-sn-a24,pallet01,25.96,14 Jan 2026 12:56:18 CET
iot-sn-a24,pallet02,21.63,14 Jan 2026 12:56:19 CET
iot-sn-a24,pallet02,20.07,14 Jan 2026 12:56:20 CET
iot-sn-a24,pallet02,12.9,14 Jan 2026 12:56:21 CET
iot-sn-a24,pallet01,21.33,14 Jan 2026 12:56:22 CET
iot-sn-a24,pallet03,11.04,14 Jan 2026 12:56:23 CET
iot-sn-a24,pallet01,26.57,14 Jan 2026 12:56:24 CET
iot-sn-a24,pallet02,27.8,14 Jan 2026 12:56:25 CET
iot-sn-a24,pallet02,21.5,14 Jan 2026 12:56:26 CET
iot-sn-a24,pallet01,21.77,14 Jan 2026 12:56:27 CET
iot-sn-a24,pallet03,28.18,14 Jan 2026 12:56:28 CET
iot-sn-a24,pallet01,26.01,14 Jan 2026 12:56:29 CET
iot-sn-a24,pallet02,11.19,14 Jan 2026 12:56:30 CET
iot-sn-a24,pallet03,18.3,14 Jan 2026 12:56:31 CET
iot-sn-a24,pallet01,14.14,14 Jan 2026 12:56:32 CET
iot-sn-a24,pallet03,14.92,14 Jan 2026 12:56:33 CET
iot-sn-a24,pallet03,28.11,14 Jan 2026 12:56:34 CET
iot-sn-a24,pallet03,11.42,14 Jan 2026 12:56:35 CET
iot-sn-a24,pallet03,29.85,14 Jan 2026 12:56:37 CET
iot-sn-a24,pallet03,22.76,14 Jan 2026 12:56:38 CET
iot-sn-a24,pallet01,14.66,14 Jan 2026 12:56:39 CET
iot-sn-a24,pallet02,16.58,14 Jan 2026 12:56:40 CET
iot-sn-a24,pallet01,22.62,14 Jan 2026 12:56:41 CET
iot-sn-a24,pallet02,15.31,14 Jan 2026 12:56:42 CET
iot-sn-a24,pallet01,15.04,14 Jan 2026 12:56:43 CET
iot-sn-a24,pallet02,20.46,14 Jan 2026 12:56:44 CET
iot-sn-a24,pallet03,17.38,14 Jan 2026 12:56:45 CET
iot-sn-a24,pallet03,19.87,14 Jan 2026 12:56:46 CET
iot-sn-a24,pallet03,10.02,14 Jan 2026 12:56:47 CET
iot-sn-a24,pallet01,29.2,14 Jan 2026 12:56:48 CET
iot-sn-a24,pallet01,26.36,14 Jan 2026 12:56:49 CET
iot-sn-a24,pallet02,20.94,14 Jan 2026 12:56:50 CET
iot-sn-a24,pallet02,17.82,14 Jan 2026 12:56:51 CET
iot-sn-a24,pallet02,13.87,14 Jan 2026 12:56:52 CET
iot-sn-a24,pallet01,22.33,14 Jan 2026 12:56:53 CET
iot-sn-a24,pallet01,11.3,14 Jan 2026 12:56:54 CET
iot-sn-a24,pallet02,20.75,14 Jan 2026 12:56:55 CET
iot-sn-a24,pallet03,14.2,14 Jan 2026 12:56:56 CET
iot-sn-a24,pallet03,12.31,14 Jan 2026 12:56:57 CET
iot-sn-a24,pallet02,17.55,14 Jan 2026 12:56:58 CET
iot-sn-a24,pallet01,17.14,14 Jan 2026 12:56:59 CET
iot-sn-a24,pallet01,10.51,14 Jan 2026 12:57:00 CET
iot-sn-a24,pallet01,19.25,14 Jan 2026 12:57:01 CET
iot-sn-a24,pallet02,15.46,14 Jan 2026 12:57:02 CET
iot-sn-a24,pallet02,15.62,14 Jan 2026 12:57:03 CET
iot-sn-a24,pallet03,12.0,14 Jan 2026 12:57:04 CET
iot-sn-a24,pallet02,19.85,14 Jan 2026 12:57:05 CET
iot-sn-a24,pallet01,26.25,14 Jan 2026 12:57:06 CET
iot-sn-a24,pallet02,25.21,14 Jan 2026 12:57:07 CET
iot-sn-a24,pallet03,15.82,14 Jan 2026 12:57:08 CET
iot-sn-a24,pallet03,12.99,14 Jan 2026 12:57:09 CET
iot-sn-a24,pallet02,19.67,14 Jan 2026 12:57:10 CET
iot-sn-a24,pallet03,14.42,14 Jan 2026 12:57:11 CET
iot-sn-a24,pallet02,28.6,14 Jan 2026 12:57:12 CET
iot-sn-a24,pallet01,21.39,14 Jan 2026 12:57:13 CET
iot-sn-a24,pallet01,20.79,14 Jan 2026 12:57:14 CET
iot-sn-a24,pallet03,10.78,14 Jan 2026 12:57:15 CET
iot-sn-a24,pallet02,18.94,14 Jan 2026 12:57:16 CET
iot-sn-a24,pallet02,22.43,14 Jan 2026 12:57:17 CET
iot-sn-a24,pallet01,25.66,14 Jan 2026 12:57:18 CET
iot-sn-a24,pallet03,26.56,14 Jan 2026 12:57:19 CET
iot-sn-a24,pallet01,20.38,14 Jan 2026 12:57:20 CET
iot-sn-a24,pallet02,13.35,14 Jan 2026 12:57:21 CET
iot-sn-a24,pallet02,14.47,14 Jan 2026 12:57:22 CET
iot-sn-a24,pallet02,21.72,14 Jan 2026 12:57:23 CET
iot-sn-a24,pallet01,21.45,14 Jan 2026 12:57:24 CET
iot-sn-a24,pallet03,15.97,14 Jan 2026 12:57:25 CET
iot-sn-a24,pallet01,21.53,14 Jan 2026 12:57:26 CET
iot-sn-a24,pallet03,27.49,14 Jan 2026 12:57:27 CET
iot-sn-a24,pallet02,29.39,14 Jan 2026 12:57:28 CET
iot-sn-a24,pallet02,28.12,14 Jan 2026 12:57:29 CET
iot-sn-a24,pallet01,28.93,14 Jan 2026 12:57:30 CET
iot-sn-a24,pallet03,11.47,14 Jan 2026 12:57:31 CET
iot-sn-a24,pallet02,20.67,14 Jan 2026 12:57:32 CET
iot-sn-a24,pallet01,16.91,14 Jan 2026 12:57:33 CET
iot-sn-a24,pallet03,12.11,14 Jan 2026 12:57:34 CET
iot-sn-a24,pallet02,18.82,14 Jan 2026 12:57:35 CET
iot-sn-a24,pallet01,10.51,14 Jan 2026 12:57:36 CET
iot-sn-a24,pallet03,24.03,14 Jan 2026 12:57:37 CET
iot-sn-a24,pallet01,19.01,14 Jan 2026 12:57:38 CET
iot-sn-a24,pallet01,12.88,14 Jan 2026 12:57:39 CET
iot-sn-a24,pallet02,21.62,14 Jan 2026 12:57:40 CET
iot-sn-a24,pallet02,26.41,14 Jan 2026 12:57:41 CET
iot-sn-a24,pallet01,19.54,14 Jan 2026 12:57:42 CET
iot-sn-a24,pallet02,13.4,14 Jan 2026 12:57:43 CET
iot-sn-a24,pallet02,26.94,14 Jan 2026 12:57:44 CET
iot-sn-a24,pallet01,16.87,14 Jan 2026 12:57:45 CET
iot-sn-a24,pallet03,26.53,14 Jan 2026 12:57:46 CET
iot-sn-a24,pallet02,27.55,14 Jan 2026 12:57:47 CET
iot-sn-a24,pallet03,29.29,14 Jan 2026 12:57:48 CET
iot-sn-a24,pallet03,10.35,14 Jan 2026 12:57:49 CET
iot-sn-a24,pallet02,18.79,14 Jan 2026 12:57:50 CET
iot-sn-a24,pallet02,16.4,14 Jan 2026 12:57:51 CET
iot-sn-a24,pallet01,21.7,14 Jan 2026 12:57:52 CET
iot-sn-a24,pallet03,16.47,14 Jan 2026 12:57:53 CET
iot-sn-a24,pallet02,16.99,14 Jan 2026 12:57:54 CET
iot-sn-a24,pallet03,19.85,14 Jan 2026 12:57:55 CET
iot-sn-a24,pallet02,13.54,14 Jan 2026 12:57:56 CET
iot-sn-a24,pallet03,19.74,14 Jan 2026 12:57:57 CET
iot-sn-a24,pallet03,24.18,14 Jan 2026 12:57:58 CET
iot-sn-a24,pallet01,20.45,14 Jan 2026 12:57:59 CET
iot-sn-a24,pallet01,27.75,14 Jan 2026 12:58:00 CET
iot-sn-a24,pallet03,17.13,14 Jan 2026 12:58:01 CET
iot-sn-a24,pallet03,11.17,14 Jan 2026 12:58:02 CET
iot-sn-a24,pallet01,24.87,14 Jan 2026 12:58:03 CET
iot-sn-a24,pallet02,14.58,14 Jan 2026 12:58:04 CET
iot-sn-a24,pallet01,13.96,14 Jan 2026 12:58:05 CET
iot-sn-a24,pallet02,14.85,14 Jan 2026 12:58:06 CET
iot-sn-a24,pallet03,18.17,14 Jan 2026 12:58:07 CET
iot-sn-a24,pallet02,19.46,14 Jan 2026 12:58:08 CET
iot-sn-a24,pallet02,28.24,14 Jan 2026 12:58:09 CET
iot-sn-a24,pallet02,17.84,14 Jan 2026 12:58:10 CET
iot-sn-a24,pallet03,21.85,14 Jan 2026 12:58:11 CET
iot-sn-a24,pallet01,22.42,14 Jan 2026 12:58:12 CET
iot-sn-a24,pallet01,24.08,14 Jan 2026 12:58:13 CET
iot-sn-a24,pallet03,28.47,14 Jan 2026 12:58:14 CET
iot-sn-a24,pallet02,25.56,14 Jan 2026 12:58:15 CET
iot-sn-a24,pallet02,24.76,14 Jan 2026 12:58:16 CET
iot-sn-a24,pallet02,19.37,14 Jan 2026 12:58:17 CET
iot-sn-a24,pallet03,19.46,14 Jan 2026 12:58:18 CET
iot-sn-a24,pallet02,10.64,14 Jan 2026 12:58:19 CET
iot-sn-a24,pallet01,14.64,14 Jan 2026 12:58:20 CET
iot-sn-a24,pallet01,12.36,14 Jan 2026 12:58:21 CET
iot-sn-a24,pallet02,29.89,14 Jan 2026 12:58:22 CET
iot-sn-a24,pallet02,14.15,14 Jan 2026 12:58:23 CET
iot-sn-a24,pallet03,27.07,14 Jan 2026 12:58:24 CET
iot-sn-a24,pallet01,17.37,14 Jan 2026 12:58:25 CET
iot-sn-a24,pallet03,29.44,14 Jan 2026 12:58:26 CET
iot-sn-a24,pallet02,12.4,14 Jan 2026 12:58:27 CET
iot-sn-a24,pallet02,15.33,14 Jan 2026 12:58:28 CET
iot-sn-a24,pallet01,21.71,14 Jan 2026 12:58:29 CET
iot-sn-a24,pallet02,29.49,14 Jan 2026 12:58:30 CET
iot-sn-a24,pallet02,14.5,14 Jan 2026 12:58:31 CET
iot-sn-a24,pallet01,15.47,14 Jan 2026 12:58:32 CET
iot-sn-a24,pallet02,29.37,14 Jan 2026 12:58:33 CET
iot-sn-a24,pallet02,17.75,14 Jan 2026 12:58:34 CET
iot-sn-a24,pallet03,24.05,14 Jan 2026 12:58:35 CET
iot-sn-a24,pallet03,22.38,14 Jan 2026 12:58:36 CET
iot-sn-a24,pallet02,28.07,14 Jan 2026 12:58:37 CET
iot-sn-a24,pallet01,29.05,14 Jan 2026 12:58:38 CET
iot-sn-a24,pallet02,19.18,14 Jan 2026 12:58:39 CET
iot-sn-a24,pallet03,17.11,14 Jan 2026 12:58:40 CET
iot-sn-a24,pallet02,16.37,14 Jan 2026 12:58:41 CET
iot-sn-a24,pallet03,23.58,14 Jan 2026 12:58:42 CET
iot-sn-a24,pallet01,28.18,14 Jan 2026 12:58:43 CET
iot-sn-a24,pallet02,22.39,14 Jan 2026 12:58:44 CET
iot-sn-a24,pallet01,25.22,14 Jan 2026 12:58:45 CET
iot-sn-a24,pallet02,10.71,14 Jan 2026 12:58:46 CET
iot-sn-a24,pallet02,18.39,14 Jan 2026 12:58:47 CET
iot-sn-a24,pallet01,11.47,14 Jan 2026 12:58:48 CET
iot-sn-a24,pallet03,20.83,14 Jan 2026 12:58:49 CET
iot-sn-a24,pallet02,13.53,14 Jan 2026 12:58:50 CET
iot-sn-a24,pallet03,29.72,14 Jan 2026 12:58:51 CET
iot-sn-a24,pallet01,11.01,14 Jan 2026 12:58:52 CET
iot-sn-a24,pallet03,10.26,14 Jan 2026 12:58:53 CET
iot-sn-a24,pallet02,16.41,14 Jan 2026 12:58:54 CET
iot-sn-a24,pallet01,10.61,14 Jan 2026 12:58:55 CET
iot-sn-a24,pallet01,20.4,14 Jan 2026 12:58:56 CET
iot-sn-a24,pallet03,17.26,14 Jan 2026 12:58:57 CET
iot-sn-a24,pallet01,28.08,14 Jan 2026 12:58:58 CET
iot-sn-a24,pallet01,20.5,14 Jan 2026 12:58:59 CET
iot-sn-a24,pallet02,20.41,14 Jan 2026 12:59:00 CET
iot-sn-a24,pallet01,17.94,14 Jan 2026 12:59:01 CET
iot-sn-a24,pallet02,23.68,14 Jan 2026 12:59:02 CET
iot-sn-a24,pallet02,14.32,14 Jan 2026 12:59:03 CET
iot-sn-a24,pallet03,28.02,14 Jan 2026 12:59:04 CET
iot-sn-a24,pallet03,23.1,14 Jan 2026 12:59:05 CET
iot-sn-a24,pallet01,27.34,14 Jan 2026 12:59:06 CET
iot-sn-a24,pallet03,22.02,14 Jan 2026 12:59:07 CET
iot-sn-a24,pallet02,27.87,14 Jan 2026 12:59:08 CET
iot-sn-a24,pallet01,23.31,14 Jan 2026 12:59:09 CET
iot-sn-a24,pallet01,29.23,14 Jan 2026 12:59:10 CET
iot-sn-a24,pallet01,26.28,14 Jan 2026 12:59:11 CET
iot-sn-a24,pallet02,15.9,14 Jan 2026 12:59:12 CET
iot-sn-a24,pallet01,29.76,14 Jan 2026 12:59:13 CET
iot-sn-a24,pallet03,21.67,14 Jan 2026 12:59:14 CET
iot-sn-a24,pallet01,26.78,14 Jan 2026 12:59:15 CET
iot-sn-a24,pallet01,13.02,14 Jan 2026 12:59:16 CET
iot-sn-a24,pallet01,11.94,14 Jan 2026 12:59:17 CET
iot-sn-a24,pallet01,22.91,14 Jan 2026 12:59:18 CET
iot-sn-a24,pallet02,27.86,14 Jan 2026 12:59:19 CET
iot-sn-a24,pallet02,12.05,14 Jan 2026 12:59:20 CET
iot-sn-a24,pallet01,16.32,14 Jan 2026 12:59:21 CET
iot-sn-a24,pallet01,14.09,14 Jan 2026 12:59:22 CET
iot-sn-a24,pallet03,13.1,14 Jan 2026 12:59:23 CET
iot-sn-a24,pallet01,14.71,14 Jan 2026 12:59:24 CET
iot-sn-a24,pallet02,26.91,14 Jan 2026 12:59:25 CET
iot-sn-a24,pallet03,16.2,14 Jan 2026 12:59:26 CET
iot-sn-a24,pallet02,22.93,14 Jan 2026 12:59:27 CET
iot-sn-a24,pallet02,11.56,14 Jan 2026 12:59:28 CET
iot-sn-a24,pallet02,15.25,14 Jan 2026 12:59:29 CET
iot-sn-a24,pallet02,24.75,14 Jan 2026 12:59:30 CET
iot-sn-a24,pallet03,12.99,14 Jan 2026 12:59:31 CET
iot-sn-a24,pallet02,22.19,14 Jan 2026 12:59:32 CET
iot-sn-a24,pallet02,27.3,14 Jan 2026 12:59:33 CET
iot-sn-a24,pallet03,18.26,14 Jan 2026 12:59:34 CET
iot-sn-a24,pallet03,20.22,14 Jan 2026 12:59:35 CET
iot-sn-a24,pallet01,14.81,14 Jan 2026 12:59:36 CET
iot-sn-a24,pallet02,21.81,14 Jan 2026 12:59:37 CET
iot-sn-a24,pallet03,16.66,14 Jan 2026 12:59:38 CET
iot-sn-a24,pallet03,13.89,14 Jan 2026 12:59:39 CET
iot-sn-a24,pallet02,20.57,14 Jan 2026 12:59:40 CET
iot-sn-a24,pallet02,15.8,14 Jan 2026 12:59:41 CET
iot-sn-a24,pallet03,21.92,14 Jan 2026 12:59:42 CET
iot-sn-a24,pallet02,11.67,14 Jan 2026 12:59:43 CET
iot-sn-a24,pallet01,12.95,14 Jan 2026 12:59:44 CET
iot-sn-a24,pallet01,21.42,14 Jan 2026 12:59:45 CET
iot-sn-a24,pallet02,12.2,14 Jan 2026 12:59:46 CET
iot-sn-a24,pallet02,17.5,14 Jan 2026 12:59:47 CET
iot-sn-a24,pallet02,21.4,14 Jan 2026 12:59:48 CET
iot-sn-a24,pallet03,28.93,14 Jan 2026 12:59:49 CET
iot-sn-a24,pallet03,17.97,14 Jan 2026 12:59:50 CET
iot-sn-a24,pallet03,25.49,14 Jan 2026 12:59:51 CET
iot-sn-a24,pallet01,24.58,14 Jan 2026 12:59:52 CET
iot-sn-a24,pallet03,27.59,14 Jan 2026 12:59:53 CET
iot-sn-a24,pallet01,20.6,14 Jan 2026 12:59:54 CET
iot-sn-a24,pallet01,10.64,14 Jan 2026 12:59:55 CET
iot-sn-a24,pallet02,25.54,14 Jan 2026 12:59:56 CET
iot-sn-a24,pallet01,15.99,14 Jan 2026 12:59:57 CET
iot-sn-a24,pallet01,27.83,14 Jan 2026 12:59:58 CET
iot-sn-a24,pallet03,13.22,14 Jan 2026 12:59:59 CET
iot-sn-a24,pallet01,24.35,14 Jan 2026 13:00:00 CET
iot-sn-a24,pallet01,10.17,14 Jan 2026 13:00:01 CET
iot-sn-a24,pallet01,11.61,14 Jan 2026 13:00:02 CET
iot-sn-a24,pallet02,16.77,14 Jan 2026 13:00:03 CET
iot-sn-a24,pallet02,12.52,14 Jan 2026 13:00:04 CET
iot-sn-a24,pallet03,14.54,14 Jan 2026 13:00:05 CET
iot-sn-a24,pallet01,17.0,14 Jan 2026 13:00:06 CET
iot-sn-a24,pallet02,26.63,14 Jan 2026 13:00:07 CET
iot-sn-a24,pallet01,11.57,14 Jan 2026 13:00:08 CET
iot-sn-a24,pallet03,14.12,14 Jan 2026 13:00:09 CET
iot-sn-a24,pallet03,15.42,14 Jan 2026 13:00:10 CET
iot-sn-a24,pallet02,24.95,14 Jan 2026 13:00:11 CET
iot-sn-a24,pallet03,12.77,14 Jan 2026 13:00:12 CET
iot-sn-a24,pallet01,15.86,14 Jan 2026 13:00:13 CET
iot-sn-a24,pallet03,16.24,14 Jan 2026 13:00:14 CET
iot-sn-a24,pallet03,20.93,14 Jan 2026 13:00:15 CET
iot-sn-a24,pallet02,18.23,14 Jan 2026 13:00:16 CET
iot-sn-a24,pallet02,26.7,14 Jan 2026 13:00:17 CET
iot-sn-a24,pallet03,16.28,14 Jan 2026 13:00:18 CET
iot-sn-a24,pallet03,23.1,14 Jan 2026 13:00:19 CET
iot-sn-a24,pallet01,22.87,14 Jan 2026 13:00:21 CET
iot-sn-a24,pallet02,22.43,14 Jan 2026 13:00:22 CET
iot-sn-a24,pallet03,26.07,14 Jan 2026 13:00:23 CET
iot-sn-a24,pallet03,21.03,14 Jan 2026 13:00:24 CET
iot-sn-a24,pallet02,19.66,14 Jan 2026 13:00:25 CET
iot-sn-a24,pallet01,26.38,14 Jan 2026 13:00:26 CET
iot-sn-a24,pallet02,14.79,14 Jan 2026 13:00:27 CET
iot-sn-a24,pallet01,29.89,14 Jan 2026 13:00:28 CET
iot-sn-a24,pallet03,12.62,14 Jan 2026 13:00:29 CET
iot-sn-a24,pallet03,26.65,14 Jan 2026 13:00:30 CET
iot-sn-a24,pallet02,22.65,14 Jan 2026 13:00:31 CET
iot-sn-a24,pallet02,17.46,14 Jan 2026 13:00:32 CET
iot-sn-a24,pallet01,19.11,14 Jan 2026 13:00:33 CET
iot-sn-a24,pallet01,22.38,14 Jan 2026 13:00:34 CET
iot-sn-a24,pallet01,10.93,14 Jan 2026 13:00:35 CET
iot-sn-a24,pallet01,15.94,14 Jan 2026 13:00:36 CET
iot-sn-a24,pallet02,13.79,14 Jan 2026 13:00:37 CET
iot-sn-a24,pallet02,16.74,14 Jan 2026 13:00:38 CET
iot-sn-a24,pallet03,15.55,14 Jan 2026 13:00:39 CET
iot-sn-a24,pallet02,18.42,14 Jan 2026 13:00:40 CET
iot-sn-a24,pallet01,22.04,14 Jan 2026 13:00:41 CET
iot-sn-a24,pallet01,14.17,14 Jan 2026 13:00:42 CET
iot-sn-a24,pallet01,28.61,14 Jan 2026 13:00:43 CET
iot-sn-a24,pallet02,14.63,14 Jan 2026 13:00:44 CET
iot-sn-a24,pallet01,19.3,14 Jan 2026 13:00:45 CET
iot-sn-a24,pallet01,21.52,14 Jan 2026 13:00:46 CET
iot-sn-a24,pallet01,26.84,14 Jan 2026 13:00:47 CET
iot-sn-a24,pallet03,21.67,14 Jan 2026 13:00:48 CET
iot-sn-a24,pallet03,23.43,14 Jan 2026 13:00:49 CET
iot-sn-a24,pallet02,22.33,14 Jan 2026 13:00:50 CET
iot-sn-a24,pallet01,23.34,14 Jan 2026 13:00:51 CET
iot-sn-a24,pallet01,26.03,14 Jan 2026 13:00:52 CET
iot-sn-a24,pallet03,26.25,14 Jan 2026 13:00:53 CET
iot-sn-a24,pallet03,12.13,14 Jan 2026 13:00:54 CET
iot-sn-a24,pallet01,21.05,14 Jan 2026 13:00:55 CET
iot-sn-a24,pallet03,22.64,14 Jan 2026 13:00:56 CET
iot-sn-a24,pallet02,11.37,14 Jan 2026 13:00:57 CET
iot-sn-a24,pallet02,25.01,14 Jan 2026 13:00:58 CET
iot-sn-a24,pallet01,21.78,14 Jan 2026 13:00:59 CET
iot-sn-a24,pallet01,27.39,14 Jan 2026 13:01:00 CET
iot-sn-a24,pallet02,28.67,14 Jan 2026 13:01:01 CET
iot-sn-a24,pallet01,26.83,14 Jan 2026 13:01:02 CET
iot-sn-a24,pallet01,17.43,14 Jan 2026 13:01:03 CET
iot-sn-a24,pallet01,13.22,14 Jan 2026 13:01:04 CET
iot-sn-a24,pallet02,22.55,14 Jan 2026 13:01:05 CET
iot-sn-a24,pallet03,23.51,14 Jan 2026 13:01:06 CET
iot-sn-a24,pallet03,12.07,14 Jan 2026 13:01:07 CET
iot-sn-a24,pallet01,14.14,14 Jan 2026 13:01:08 CET
iot-sn-a24,pallet03,25.38,14 Jan 2026 13:01:09 CET
iot-sn-a24,pallet01,11.66,14 Jan 2026 13:01:10 CET
iot-sn-a24,pallet02,18.67,14 Jan 2026 13:01:11 CET
iot-sn-a24,pallet03,20.15,14 Jan 2026 13:01:12 CET
iot-sn-a24,pallet01,10.06,14 Jan 2026 13:01:13 CET
iot-sn-a24,pallet02,20.03,14 Jan 2026 13:01:14 CET
iot-sn-a24,pallet03,19.75,14 Jan 2026 13:01:15 CET
iot-sn-a24,pallet03,29.23,14 Jan 2026 13:01:16 CET
iot-sn-a24,pallet01,26.19,14 Jan 2026 13:01:17 CET
iot-sn-a24,pallet02,14.48,14 Jan 2026 13:01:18 CET
iot-sn-a24,pallet01,16.85,14 Jan 2026 13:01:19 CET
iot-sn-a24,pallet01,19.43,14 Jan 2026 13:01:20 CET
iot-sn-a24,pallet01,26.63,14 Jan 2026 13:01:21 CET
iot-sn-a24,pallet02,10.67,14 Jan 2026 13:01:22 CET
iot-sn-a24,pallet02,17.36,14 Jan 2026 13:01:23 CET
iot-sn-a24,pallet03,28.9,14 Jan 2026 13:01:24 CET
iot-sn-a24,pallet03,27.39,14 Jan 2026 13:01:25 CET
iot-sn-a24,pallet02,28.44,14 Jan 2026 13:01:26 CET
iot-sn-a24,pallet01,22.68,14 Jan 2026 13:01:27 CET
iot-sn-a24,pallet03,28.99,14 Jan 2026 13:01:28 CET
iot-sn-a24,pallet03,10.88,14 Jan 2026 13:01:29 CET
iot-sn-a24,pallet01,15.49,14 Jan 2026 13:01:30 CET
iot-sn-a24,pallet02,19.79,14 Jan 2026 13:01:31 CET
iot-sn-a24,pallet01,18.24,14 Jan 2026 13:01:32 CET
iot-sn-a24,pallet03,21.17,14 Jan 2026 13:01:33 CET
iot-sn-a24,pallet02,15.66,14 Jan 2026 13:01:34 CET
iot-sn-a24,pallet01,29.14,14 Jan 2026 13:01:35 CET
iot-sn-a24,pallet01,17.91,14 Jan 2026 13:01:36 CET
iot-sn-a24,pallet02,28.32,14 Jan 2026 13:01:37 CET
iot-sn-a24,pallet03,23.28,14 Jan 2026 13:01:38 CET
iot-sn-a24,pallet03,20.84,14 Jan 2026 13:01:39 CET
iot-sn-a24,pallet01,13.0,14 Jan 2026 13:01:40 CET
iot-sn-a24,pallet03,14.81,14 Jan 2026 13:01:41 CET
iot-sn-a24,pallet01,25.73,14 Jan 2026 13:01:42 CET
iot-sn-a24,pallet03,16.21,14 Jan 2026 13:01:43 CET
iot-sn-a24,pallet03,12.32,14 Jan 2026 13:01:44 CET
iot-sn-a24,pallet03,25.8,14 Jan 2026 13:01:45 CET
iot-sn-a24,pallet02,17.39,14 Jan 2026 13:01:46 CET
iot-sn-a24,pallet02,21.77,14 Jan 2026 13:01:47 CET
iot-sn-a24,pallet03,18.86,14 Jan 2026 13:01:48 CET
iot-sn-a24,pallet03,23.35,14 Jan 2026 13:01:49 CET
iot-sn-a24,pallet01,19.76,14 Jan 2026 13:01:50 CET
iot-sn-a24,pallet02,23.23,14 Jan 2026 13:01:51 CET
iot-sn-a24,pallet02,21.16,14 Jan 2026 13:01:52 CET
iot-sn-a24,pallet01,11.02,14 Jan 2026 13:01:53 CET
iot-sn-a24,pallet01,21.01,14 Jan 2026 13:01:54 CET
iot-sn-a24,pallet01,25.74,14 Jan 2026 13:01:55 CET
iot-sn-a24,pallet03,29.21,14 Jan 2026 13:01:56 CET
iot-sn-a24,pallet02,27.51,14 Jan 2026 13:01:57 CET
iot-sn-a24,pallet02,23.09,14 Jan 2026 13:01:58 CET
iot-sn-a24,pallet03,18.62,14 Jan 2026 13:01:59 CET
iot-sn-a24,pallet03,16.49,14 Jan 2026 13:02:00 CET
iot-sn-a24,pallet03,22.08,14 Jan 2026 13:02:01 CET
iot-sn-a24,pallet01,21.19,14 Jan 2026 13:02:02 CET
iot-sn-a24,pallet02,27.06,14 Jan 2026 13:02:03 CET
iot-sn-a24,pallet01,16.26,14 Jan 2026 13:02:04 CET
iot-sn-a24,pallet01,25.86,14 Jan 2026 13:02:05 CET
iot-sn-a24,pallet01,24.15,14 Jan 2026 13:02:06 CET
iot-sn-a24,pallet02,22.41,14 Jan 2026 13:02:07 CET
iot-sn-a24,pallet02,26.82,14 Jan 2026 13:02:08 CET
iot-sn-a24,pallet03,23.76,14 Jan 2026 13:02:09 CET
iot-sn-a24,pallet01,18.68,14 Jan 2026 13:02:10 CET
iot-sn-a24,pallet01,21.59,14 Jan 2026 13:02:11 CET
iot-sn-a24,pallet01,21.2,14 Jan 2026 13:02:12 CET
iot-sn-a24,pallet03,19.2,14 Jan 2026 13:02:13 CET
iot-sn-a24,pallet02,23.95,14 Jan 2026 13:02:14 CET
iot-sn-a24,pallet03,29.12,14 Jan 2026 13:02:15 CET
iot-sn-a24,pallet02,25.25,14 Jan 2026 13:02:16 CET
iot-sn-a24,pallet03,19.01,14 Jan 2026 13:02:17 CET
iot-sn-a24,pallet03,22.13,14 Jan 2026 13:02:18 CET
iot-sn-a24,pallet02,27.84,14 Jan 2026 13:02:19 CET
iot-sn-a24,pallet03,24.11,14 Jan 2026 13:02:20 CET
iot-sn-a24,pallet01,20.82,14 Jan 2026 13:02:21 CET
iot-sn-a24,pallet03,28.56,14 Jan 2026 13:02:22 CET
iot-sn-a24,pallet01,24.39,14 Jan 2026 13:02:23 CET
iot-sn-a24,pallet01,17.65,14 Jan 2026 13:02:24 CET
iot-sn-a24,pallet02,17.31,14 Jan 2026 13:02:25 CET
iot-sn-a24,pallet01,15.88,14 Jan 2026 13:02:26 CET
iot-sn-a24,pallet03,29.54,14 Jan 2026 13:02:27 CET
iot-sn-a24,pallet01,20.22,14 Jan 2026 13:02:28 CET
iot-sn-a24,pallet02,24.45,14 Jan 2026 13:02:29 CET
iot-sn-a24,pallet02,29.66,14 Jan 2026 13:02:30 CET
iot-sn-a24,pallet01,18.26,14 Jan 2026 13:02:31 CET
iot-sn-a24,pallet03,17.32,14 Jan 2026 13:02:32 CET
iot-sn-a24,pallet03,19.04,14 Jan 2026 13:02:33 CET
iot-sn-a24,pallet01,29.95,14 Jan 2026 13:02:34 CET
iot-sn-a24,pallet03,28.42,14 Jan 2026 13:02:35 CET
iot-sn-a24,pallet03,29.67,14 Jan 2026 13:02:36 CET
iot-sn-a24,pallet01,18.85,14 Jan 2026 13:02:37 CET
iot-sn-a24,pallet01,29.71,14 Jan 2026 13:02:38 CET
iot-sn-a24,pallet03,27.71,14 Jan 2026 13:02:39 CET
iot-sn-a24,pallet02,12.52,14 Jan 2026 13:02:40 CET
iot-sn-a24,pallet01,16.14,14 Jan 2026 13:02:41 CET
iot-sn-a24,pallet02,26.3,14 Jan 2026 13:02:42 CET
iot-sn-a24,pallet02,10.2,14 Jan 2026 13:02:43 CET
iot-sn-a24,pallet03,20.24,14 Jan 2026 13:02:44 CET
iot-sn-a24,pallet03,27.42,14 Jan 2026 13:02:45 CET
iot-sn-a24,pallet02,12.75,14 Jan 2026 13:02:46 CET
iot-sn-a24,pallet01,14.72,14 Jan 2026 13:02:47 CET
iot-sn-a24,pallet01,23.03,14 Jan 2026 13:02:48 CET
iot-sn-a24,pallet02,24.77,14 Jan 2026 13:02:49 CET
iot-sn-a24,pallet03,20.34,14 Jan 2026 13:02:50 CET
iot-sn-a24,pallet02,20.22,14 Jan 2026 13:02:51 CET
iot-sn-a24,pallet02,13.68,14 Jan 2026 13:02:52 CET
iot-sn-a24,pallet01,15.79,14 Jan 2026 13:02:53 CET
iot-sn-a24,pallet02,10.95,14 Jan 2026 13:02:54 CET
iot-sn-a24,pallet02,12.35,14 Jan 2026 13:02:55 CET
iot-sn-a24,pallet03,15.3,14 Jan 2026 13:02:56 CET
iot-sn-a24,pallet02,10.57,14 Jan 2026 13:02:57 CET
iot-sn-a24,pallet03,20.44,14 Jan 2026 13:02:58 CET
iot-sn-a24,pallet03,21.74,14 Jan 2026 13:02:59 CET
iot-sn-a24,pallet02,24.34,14 Jan 2026 13:03:00 CET
iot-sn-a24,pallet02,28.02,14 Jan 2026 13:03:01 CET
iot-sn-a24,pallet02,25.6,14 Jan 2026 13:03:02 CET
iot-sn-a24,pallet03,12.4,14 Jan 2026 13:03:03 CET
iot-sn-a24,pallet01,23.02,14 Jan 2026 13:03:04 CET
iot-sn-a24,pallet02,15.79,14 Jan 2026 13:03:05 CET
iot-sn-a24,pallet03,15.9,14 Jan 2026 13:03:06 CET
iot-sn-a24,pallet01,20.7,14 Jan 2026 13:03:07 CET
iot-sn-a24,pallet01,18.27,14 Jan 2026 13:03:08 CET
iot-sn-a24,pallet03,10.58,14 Jan 2026 13:03:09 CET
iot-sn-a24,pallet03,24.91,14 Jan 2026 13:03:10 CET
iot-sn-a24,pallet01,16.21,14 Jan 2026 13:03:11 CET
iot-sn-a24,pallet03,26.27,14 Jan 2026 13:03:12 CET
iot-sn-a24,pallet02,12.49,14 Jan 2026 13:03:14 CET
iot-sn-a24,pallet01,23.17,14 Jan 2026 13:03:15 CET
iot-sn-a24,pallet02,20.93,14 Jan 2026 13:03:16 CET
iot-sn-a24,pallet02,14.91,14 Jan 2026 13:03:17 CET
iot-sn-a24,pallet02,24.25,14 Jan 2026 13:03:18 CET
iot-sn-a24,pallet03,17.84,14 Jan 2026 13:03:19 CET
iot-sn-a24,pallet01,19.46,14 Jan 2026 13:03:20 CET
iot-sn-a24,pallet02,27.38,14 Jan 2026 13:03:21 CET
iot-sn-a24,pallet02,17.9,14 Jan 2026 13:03:22 CET
iot-sn-a24,pallet01,17.24,14 Jan 2026 13:03:23 CET
iot-sn-a24,pallet02,11.3,14 Jan 2026 13:03:24 CET
iot-sn-a24,pallet03,29.6,14 Jan 2026 13:03:25 CET
iot-sn-a24,pallet01,10.59,14 Jan 2026 13:03:26 CET
iot-sn-a24,pallet01,25.22,14 Jan 2026 13:03:27 CET
iot-sn-a24,pallet01,26.86,14 Jan 2026 13:03:28 CET
iot-sn-a24,pallet03,12.83,14 Jan 2026 13:03:29 CET
iot-sn-a24,pallet01,22.81,14 Jan 2026 13:03:30 CET
iot-sn-a24,pallet03,26.54,14 Jan 2026 13:03:31 CET
iot-sn-a24,pallet01,15.64,14 Jan 2026 13:03:32 CET
iot-sn-a24,pallet03,21.55,14 Jan 2026 13:03:33 CET
iot-sn-a24,pallet02,16.35,14 Jan 2026 13:03:34 CET
iot-sn-a24,pallet03,15.83,14 Jan 2026 13:03:35 CET
iot-sn-a24,pallet01,17.67,14 Jan 2026 13:03:36 CET
iot-sn-a24,pallet03,25.55,14 Jan 2026 13:03:37 CET
iot-sn-a24,pallet01,18.06,14 Jan 2026 13:03:38 CET
iot-sn-a24,pallet03,16.08,14 Jan 2026 13:03:39 CET
iot-sn-a24,pallet03,26.89,14 Jan 2026 13:03:40 CET
iot-sn-a24,pallet03,12.79,14 Jan 2026 13:03:41 CET
iot-sn-a24,pallet03,22.98,14 Jan 2026 13:03:42 CET
iot-sn-a24,pallet01,15.77,14 Jan 2026 13:03:43 CET
iot-sn-a24,pallet01,27.72,14 Jan 2026 13:03:44 CET
iot-sn-a24,pallet03,22.91,14 Jan 2026 13:03:45 CET
iot-sn-a24,pallet02,14.05,14 Jan 2026 13:03:46 CET
iot-sn-a24,pallet02,17.25,14 Jan 2026 13:03:47 CET
iot-sn-a24,pallet03,17.65,14 Jan 2026 13:03:48 CET
iot-sn-a24,pallet01,26.11,14 Jan 2026 13:03:49 CET
iot-sn-a24,pallet02,23.41,14 Jan 2026 13:03:50 CET
iot-sn-a24,pallet01,10.19,14 Jan 2026 13:03:51 CET
iot-sn-a24,pallet01,27.74,14 Jan 2026 13:03:52 CET
iot-sn-a24,pallet01,23.92,14 Jan 2026 13:03:53 CET
iot-sn-a24,pallet01,29.58,14 Jan 2026 13:03:54 CET
iot-sn-a24,pallet02,12.68,14 Jan 2026 13:03:55 CET
iot-sn-a24,pallet01,16.07,14 Jan 2026 13:03:56 CET
iot-sn-a24,pallet03,19.45,14 Jan 2026 13:03:57 CET
iot-sn-a24,pallet01,19.21,14 Jan 2026 13:03:58 CET
iot-sn-a24,pallet02,20.99,14 Jan 2026 13:03:59 CET
iot-sn-a24,pallet02,26.98,14 Jan 2026 13:04:00 CET
iot-sn-a24,pallet01,20.38,14 Jan 2026 13:04:01 CET
iot-sn-a24,pallet02,20.26,14 Jan 2026 13:04:02 CET
iot-sn-a24,pallet02,18.57,14 Jan 2026 13:04:03 CET
iot-sn-a24,pallet01,17.82,14 Jan 2026 13:04:04 CET
iot-sn-a24,pallet02,11.83,14 Jan 2026 13:04:05 CET
iot-sn-a24,pallet02,19.18,14 Jan 2026 13:04:06 CET
iot-sn-a24,pallet02,19.24,14 Jan 2026 13:04:07 CET
iot-sn-a24,pallet03,11.62,14 Jan 2026 13:04:08 CET
iot-sn-a24,pallet02,19.83,14 Jan 2026 13:04:09 CET
iot-sn-a24,pallet01,13.97,14 Jan 2026 13:04:10 CET
iot-sn-a24,pallet02,11.5,14 Jan 2026 13:04:11 CET
iot-sn-a24,pallet01,14.84,14 Jan 2026 13:04:12 CET
iot-sn-a24,pallet03,23.73,14 Jan 2026 13:04:13 CET
iot-sn-a24,pallet03,10.36,14 Jan 2026 13:04:14 CET
iot-sn-a24,pallet03,11.35,14 Jan 2026 13:04:15 CET
iot-sn-a24,pallet03,10.89,14 Jan 2026 13:04:16 CET
iot-sn-a24,pallet02,15.93,14 Jan 2026 13:04:17 CET
iot-sn-a24,pallet01,14.07,14 Jan 2026 13:04:18 CET
iot-sn-a24,pallet02,28.91,14 Jan 2026 13:04:19 CET
iot-sn-a24,pallet03,18.65,14 Jan 2026 13:04:20 CET
iot-sn-a24,pallet01,21.63,14 Jan 2026 13:04:21 CET
iot-sn-a24,pallet02,27.54,14 Jan 2026 13:04:22 CET
iot-sn-a24,pallet01,22.1,14 Jan 2026 13:04:23 CET
iot-sn-a24,pallet02,23.35,14 Jan 2026 13:04:24 CET
iot-sn-a24,pallet02,19.52,14 Jan 2026 13:04:25 CET
iot-sn-a24,pallet02,28.62,14 Jan 2026 13:04:26 CET
iot-sn-a24,pallet02,25.99,14 Jan 2026 13:04:27 CET
iot-sn-a24,pallet01,22.33,14 Jan 2026 13:04:28 CET
iot-sn-a24,pallet02,11.89,14 Jan 2026 13:04:29 CET
iot-sn-a24,pallet03,11.97,14 Jan 2026 13:04:30 CET
iot-sn-a24,pallet03,17.11,14 Jan 2026 13:04:31 CET
iot-sn-a24,pallet03,26.65,14 Jan 2026 13:04:32 CET
iot-sn-a24,pallet01,29.06,14 Jan 2026 13:04:33 CET
iot-sn-a24,pallet02,27.39,14 Jan 2026 13:04:34 CET
iot-sn-a24,pallet01,17.15,14 Jan 2026 13:04:35 CET
iot-sn-a24,pallet03,17.87,14 Jan 2026 13:04:36 CET
iot-sn-a24,pallet02,18.86,14 Jan 2026 13:04:37 CET
iot-sn-a24,pallet01,18.9,14 Jan 2026 13:04:38 CET
iot-sn-a24,pallet02,17.34,14 Jan 2026 13:04:39 CET
iot-sn-a24,pallet03,12.64,14 Jan 2026 13:04:40 CET
iot-sn-a24,pallet01,11.74,14 Jan 2026 13:04:41 CET
iot-sn-a24,pallet03,12.58,14 Jan 2026 13:04:42 CET
iot-sn-a24,pallet03,28.96,14 Jan 2026 13:04:43 CET
iot-sn-a24,pallet01,15.46,14 Jan 2026 13:04:44 CET
iot-sn-a24,pallet02,11.59,14 Jan 2026 13:04:45 CET
iot-sn-a24,pallet03,13.41,14 Jan 2026 13:04:46 CET
iot-sn-a24,pallet02,15.3,14 Jan 2026 13:04:47 CET
iot-sn-a24,pallet02,20.93,14 Jan 2026 13:04:48 CET
iot-sn-a24,pallet02,25.13,14 Jan 2026 13:04:49 CET
iot-sn-a24,pallet02,12.95,14 Jan 2026 13:04:50 CET
iot-sn-a24,pallet01,18.18,14 Jan 2026 13:04:51 CET
iot-sn-a24,pallet01,21.02,14 Jan 2026 13:04:52 CET
iot-sn-a24,pallet03,28.89,14 Jan 2026 13:04:53 CET
iot-sn-a24,pallet01,15.81,14 Jan 2026 13:04:54 CET
iot-sn-a24,pallet02,28.9,14 Jan 2026 13:04:55 CET
iot-sn-a24,pallet01,10.04,14 Jan 2026 13:04:56 CET
iot-sn-a24,pallet03,23.77,14 Jan 2026 13:04:57 CET
iot-sn-a24,pallet02,11.7,14 Jan 2026 13:04:58 CET
iot-sn-a24,pallet01,24.2,14 Jan 2026 13:04:59 CET
iot-sn-a24,pallet02,12.0,14 Jan 2026 13:05:00 CET
iot-sn-a24,pallet01,23.47,14 Jan 2026 13:05:01 CET
iot-sn-a24,pallet03,20.26,14 Jan 2026 13:05:02 CET
iot-sn-a24,pallet02,26.09,14 Jan 2026 13:05:03 CET
iot-sn-a24,pallet01,17.63,14 Jan 2026 13:05:04 CET
iot-sn-a24,pallet02,25.07,14 Jan 2026 13:05:05 CET
iot-sn-a24,pallet02,22.31,14 Jan 2026 13:05:06 CET
iot-sn-a24,pallet02,20.78,14 Jan 2026 13:05:07 CET
iot-sn-a24,pallet03,12.61,14 Jan 2026 13:05:08 CET
iot-sn-a24,pallet02,26.78,14 Jan 2026 13:05:09 CET
iot-sn-a24,pallet02,20.38,14 Jan 2026 13:05:10 CET
iot-sn-a24,pallet01,23.85,14 Jan 2026 13:05:11 CET
iot-sn-a24,pallet02,28.74,14 Jan 2026 13:05:12 CET
iot-sn-a24,pallet01,19.04,14 Jan 2026 13:05:13 CET
iot-sn-a24,pallet02,13.34,14 Jan 2026 13:05:14 CET
iot-sn-a24,pallet02,12.63,14 Jan 2026 13:05:15 CET
iot-sn-a24,pallet02,29.04,14 Jan 2026 13:05:16 CET
iot-sn-a24,pallet02,23.16,14 Jan 2026 13:05:17 CET
iot-sn-a24,pallet03,14.53,14 Jan 2026 13:05:18 CET
iot-sn-a24,pallet01,13.36,14 Jan 2026 13:05:19 CET
iot-sn-a24,pallet01,15.83,14 Jan 2026 13:05:20 CET
iot-sn-a24,pallet02,18.43,14 Jan 2026 13:05:22 CET
iot-sn-a24,pallet02,13.38,14 Jan 2026 13:05:23 CET
iot-sn-a24,pallet03,12.52,14 Jan 2026 13:05:24 CET
iot-sn-a24,pallet02,24.86,14 Jan 2026 13:05:25 CET
iot-sn-a24,pallet01,10.16,14 Jan 2026 13:05:26 CET
iot-sn-a24,pallet02,29.55,14 Jan 2026 13:05:27 CET
iot-sn-a24,pallet01,10.21,14 Jan 2026 13:05:28 CET
iot-sn-a24,pallet01,18.48,14 Jan 2026 13:05:29 CET
iot-sn-a24,pallet03,27.9,14 Jan 2026 13:05:30 CET
iot-sn-a24,pallet03,12.79,14 Jan 2026 13:05:31 CET
iot-sn-a24,pallet01,17.68,14 Jan 2026 13:05:32 CET
iot-sn-a24,pallet03,28.44,14 Jan 2026 13:05:33 CET
iot-sn-a24,pallet01,10.68,14 Jan 2026 13:05:34 CET
iot-sn-a24,pallet03,18.94,14 Jan 2026 13:05:35 CET
iot-sn-a24,pallet02,14.28,14 Jan 2026 13:05:36 CET
iot-sn-a24,pallet01,15.15,14 Jan 2026 13:05:37 CET
iot-sn-a24,pallet03,22.69,14 Jan 2026 13:05:38 CET
iot-sn-a24,pallet03,26.41,14 Jan 2026 13:05:39 CET
iot-sn-a24,pallet01,23.61,14 Jan 2026 13:05:40 CET
iot-sn-a24,pallet03,21.46,14 Jan 2026 13:05:41 CET
iot-sn-a24,pallet02,18.46,14 Jan 2026 13:05:42 CET
iot-sn-a24,pallet01,26.47,14 Jan 2026 13:05:43 CET
iot-sn-a24,pallet01,14.83,14 Jan 2026 13:05:44 CET
iot-sn-a24,pallet02,10.38,14 Jan 2026 13:05:45 CET
iot-sn-a24,pallet03,20.53,14 Jan 2026 13:05:46 CET
iot-sn-a24,pallet03,20.7,14 Jan 2026 13:05:47 CET
iot-sn-a24,pallet01,17.11,14 Jan 2026 13:05:48 CET
iot-sn-a24,pallet02,11.89,14 Jan 2026 13:05:49 CET
iot-sn-a24,pallet02,23.71,14 Jan 2026 13:05:50 CET
iot-sn-a24,pallet02,13.97,14 Jan 2026 13:05:51 CET
iot-sn-a24,pallet03,12.6,14 Jan 2026 13:05:52 CET
iot-sn-a24,pallet01,16.14,14 Jan 2026 13:05:53 CET
iot-sn-a24,pallet02,29.78,14 Jan 2026 13:05:54 CET
iot-sn-a24,pallet01,19.51,14 Jan 2026 13:05:55 CET
iot-sn-a24,pallet01,16.86,14 Jan 2026 13:05:56 CET
iot-sn-a24,pallet03,18.27,14 Jan 2026 13:05:57 CET
iot-sn-a24,pallet02,23.71,14 Jan 2026 13:05:58 CET
iot-sn-a24,pallet03,19.64,14 Jan 2026 13:05:59 CET
iot-sn-a24,pallet03,13.34,14 Jan 2026 13:06:00 CET
iot-sn-a24,pallet01,26.13,14 Jan 2026 13:06:01 CET
iot-sn-a24,pallet03,27.35,14 Jan 2026 13:06:02 CET
iot-sn-a24,pallet02,27.58,14 Jan 2026 13:06:03 CET
iot-sn-a24,pallet02,10.42,14 Jan 2026 13:06:04 CET
iot-sn-a24,pallet01,15.45,14 Jan 2026 13:06:05 CET
iot-sn-a24,pallet02,28.01,14 Jan 2026 13:06:06 CET
iot-sn-a24,pallet03,24.71,14 Jan 2026 13:06:07 CET
iot-sn-a24,pallet03,19.74,14 Jan 2026 13:06:08 CET
iot-sn-a24,pallet02,20.09,14 Jan 2026 13:06:09 CET
iot-sn-a24,pallet02,18.58,14 Jan 2026 13:06:10 CET
iot-sn-a24,pallet02,10.85,14 Jan 2026 13:06:11 CET
iot-sn-a24,pallet03,19.71,14 Jan 2026 13:06:12 CET
iot-sn-a24,pallet03,25.72,14 Jan 2026 13:06:13 CET
iot-sn-a24,pallet01,14.01,14 Jan 2026 13:06:14 CET
iot-sn-a24,pallet03,24.33,14 Jan 2026 13:06:15 CET
iot-sn-a24,pallet03,21.75,14 Jan 2026 13:06:16 CET
iot-sn-a24,pallet03,24.01,14 Jan 2026 13:06:17 CET
iot-sn-a24,pallet01,11.55,14 Jan 2026 13:06:18 CET
iot-sn-a24,pallet03,11.9,14 Jan 2026 13:06:19 CET
iot-sn-a24,pallet02,11.87,14 Jan 2026 13:06:20 CET
iot-sn-a24,pallet03,12.07,14 Jan 2026 13:06:21 CET
iot-sn-a24,pallet03,29.64,14 Jan 2026 13:06:22 CET
iot-sn-a24,pallet01,11.76,14 Jan 2026 13:06:23 CET
iot-sn-a24,pallet02,18.75,14 Jan 2026 13:06:24 CET
iot-sn-a24,pallet02,14.11,14 Jan 2026 13:06:25 CET
iot-sn-a24,pallet01,20.75,14 Jan 2026 13:06:26 CET
iot-sn-a24,pallet02,20.47,14 Jan 2026 13:06:27 CET
iot-sn-a24,pallet02,16.76,14 Jan 2026 13:06:28 CET
iot-sn-a24,pallet01,27.4,14 Jan 2026 13:06:29 CET
iot-sn-a24,pallet02,10.55,14 Jan 2026 13:06:30 CET
iot-sn-a24,pallet02,11.79,14 Jan 2026 13:06:31 CET
iot-sn-a24,pallet01,14.47,14 Jan 2026 13:06:32 CET
iot-sn-a24,pallet02,19.81,14 Jan 2026 13:06:33 CET
iot-sn-a24,pallet03,13.6,14 Jan 2026 13:06:34 CET
iot-sn-a24,pallet03,18.36,14 Jan 2026 13:06:35 CET
iot-sn-a24,pallet03,16.94,14 Jan 2026 13:06:36 CET
iot-sn-a24,pallet03,20.23,14 Jan 2026 13:06:37 CET
iot-sn-a24,pallet01,13.87,14 Jan 2026 13:06:38 CET
iot-sn-a24,pallet01,19.37,14 Jan 2026 13:06:39 CET
iot-sn-a24,pallet03,15.9,14 Jan 2026 13:06:40 CET
iot-sn-a24,pallet01,20.51,14 Jan 2026 13:06:41 CET
iot-sn-a24,pallet03,21.06,14 Jan 2026 13:06:42 CET
iot-sn-a24,pallet02,25.94,14 Jan 2026 13:06:43 CET
iot-sn-a24,pallet01,16.94,14 Jan 2026 13:06:44 CET
iot-sn-a24,pallet02,16.11,14 Jan 2026 13:06:45 CET
iot-sn-a24,pallet03,27.08,14 Jan 2026 13:06:46 CET
iot-sn-a24,pallet01,18.57,14 Jan 2026 13:06:47 CET
iot-sn-a24,pallet02,17.42,14 Jan 2026 13:06:48 CET
iot-sn-a24,pallet02,17.21,14 Jan 2026 13:06:49 CET
iot-sn-a24,pallet03,13.81,14 Jan 2026 13:06:50 CET
iot-sn-a24,pallet02,13.87,14 Jan 2026 13:06:51 CET
iot-sn-a24,pallet02,14.91,14 Jan 2026 13:06:52 CET
iot-sn-a24,pallet03,19.88,14 Jan 2026 13:06:53 CET
iot-sn-a24,pallet02,26.45,14 Jan 2026 13:06:54 CET
iot-sn-a24,pallet03,25.68,14 Jan 2026 13:06:55 CET
iot-sn-a24,pallet01,11.63,14 Jan 2026 13:06:56 CET
iot-sn-a24,pallet01,10.18,14 Jan 2026 13:06:57 CET
iot-sn-a24,pallet02,27.72,14 Jan 2026 13:06:58 CET
iot-sn-a24,pallet03,20.98,14 Jan 2026 13:06:59 CET
iot-sn-a24,pallet01,14.79,14 Jan 2026 13:07:00 CET
iot-sn-a24,pallet02,24.45,14 Jan 2026 13:07:01 CET
iot-sn-a24,pallet01,24.33,14 Jan 2026 13:07:02 CET
iot-sn-a24,pallet02,19.17,14 Jan 2026 13:07:03 CET
iot-sn-a24,pallet02,17.67,14 Jan 2026 13:07:04 CET
iot-sn-a24,pallet01,19.45,14 Jan 2026 13:07:05 CET
iot-sn-a24,pallet02,27.15,14 Jan 2026 13:07:06 CET
iot-sn-a24,pallet01,23.88,14 Jan 2026 13:07:07 CET
iot-sn-a24,pallet03,17.88,14 Jan 2026 13:07:08 CET
iot-sn-a24,pallet02,14.98,14 Jan 2026 13:07:09 CET
iot-sn-a24,pallet01,18.43,14 Jan 2026 13:07:10 CET
iot-sn-a24,pallet02,10.75,14 Jan 2026 13:07:11 CET
iot-sn-a24,pallet02,22.45,14 Jan 2026 13:07:12 CET
iot-sn-a24,pallet02,10.25,14 Jan 2026 13:07:13 CET
iot-sn-a24,pallet01,27.05,14 Jan 2026 13:07:14 CET
iot-sn-a24,pallet01,21.2,14 Jan 2026 13:07:15 CET
iot-sn-a24,pallet02,21.44,14 Jan 2026 13:07:16 CET
iot-sn-a24,pallet02,10.44,14 Jan 2026 13:07:17 CET
iot-sn-a24,pallet03,25.58,14 Jan 2026 13:07:18 CET
iot-sn-a24,pallet01,27.14,14 Jan 2026 13:07:19 CET
iot-sn-a24,pallet01,22.67,14 Jan 2026 13:07:20 CET
iot-sn-a24,pallet02,24.21,14 Jan 2026 13:07:21 CET
iot-sn-a24,pallet02,23.54,14 Jan 2026 13:07:22 CET
iot-sn-a24,pallet01,18.93,14 Jan 2026 13:07:23 CET
iot-sn-a24,pallet02,27.48,14 Jan 2026 13:07:24 CET
iot-sn-a24,pallet01,25.4,14 Jan 2026 13:07:25 CET
iot-sn-a24,pallet02,16.55,14 Jan 2026 13:07:26 CET
iot-sn-a24,pallet01,27.62,14 Jan 2026 13:07:27 CET
iot-sn-a24,pallet03,15.39,14 Jan 2026 13:07:28 CET
iot-sn-a24,pallet02,23.2,14 Jan 2026 13:07:29 CET
iot-sn-a24,pallet01,23.13,14 Jan 2026 13:07:30 CET
iot-sn-a24,pallet01,15.03,14 Jan 2026 13:07:31 CET
iot-sn-a24,pallet03,18.58,14 Jan 2026 13:07:32 CET
iot-sn-a24,pallet01,18.76,14 Jan 2026 13:07:33 CET
iot-sn-a24,pallet01,25.75,14 Jan 2026 13:07:34 CET
iot-sn-a24,pallet02,15.96,14 Jan 2026 13:07:35 CET
iot-sn-a24,pallet03,11.95,14 Jan 2026 13:07:36 CET
iot-sn-a24,pallet01,28.29,14 Jan 2026 13:07:38 CET
iot-sn-a24,pallet01,25.66,14 Jan 2026 13:07:39 CET
iot-sn-a24,pallet01,25.57,14 Jan 2026 13:07:40 CET
iot-sn-a24,pallet02,15.58,14 Jan 2026 13:07:41 CET
iot-sn-a24,pallet02,10.5,14 Jan 2026 13:07:42 CET
iot-sn-a24,pallet03,20.66,14 Jan 2026 13:07:43 CET
iot-sn-a24,pallet02,21.41,14 Jan 2026 13:07:44 CET
iot-sn-a24,pallet02,28.32,14 Jan 2026 13:07:45 CET
iot-sn-a24,pallet01,19.75,14 Jan 2026 13:07:46 CET
iot-sn-a24,pallet01,23.5,14 Jan 2026 13:07:47 CET
iot-sn-a24,pallet02,22.38,14 Jan 2026 13:07:48 CET
iot-sn-a24,pallet02,23.03,14 Jan 2026 13:07:49 CET
iot-sn-a24,pallet01,13.5,14 Jan 2026 13:07:50 CET
iot-sn-a24,pallet01,27.72,14 Jan 2026 13:07:51 CET
iot-sn-a24,pallet03,16.41,14 Jan 2026 13:07:52 CET
iot-sn-a24,pallet02,29.07,14 Jan 2026 13:07:53 CET
iot-sn-a24,pallet01,20.32,14 Jan 2026 13:07:54 CET
iot-sn-a24,pallet02,21.44,14 Jan 2026 13:07:55 CET
iot-sn-a24,pallet03,24.44,14 Jan 2026 13:07:56 CET
iot-sn-a24,pallet03,14.93,14 Jan 2026 13:07:57 CET
iot-sn-a24,pallet01,24.43,14 Jan 2026 13:07:58 CET
iot-sn-a24,pallet03,23.32,14 Jan 2026 13:07:59 CET
iot-sn-a24,pallet03,24.94,14 Jan 2026 13:08:00 CET
iot-sn-a24,pallet01,15.28,14 Jan 2026 13:08:01 CET
iot-sn-a24,pallet01,21.93,14 Jan 2026 13:08:02 CET
iot-sn-a24,pallet03,20.01,14 Jan 2026 13:08:03 CET
iot-sn-a24,pallet02,17.95,14 Jan 2026 13:08:04 CET
iot-sn-a24,pallet01,16.93,14 Jan 2026 13:08:05 CET
iot-sn-a24,pallet01,14.92,14 Jan 2026 13:08:06 CET
iot-sn-a24,pallet01,18.33,14 Jan 2026 13:08:07 CET
iot-sn-a24,pallet01,21.22,14 Jan 2026 13:08:08 CET
iot-sn-a24,pallet02,25.96,14 Jan 2026 13:08:09 CET
iot-sn-a24,pallet01,29.45,14 Jan 2026 13:08:10 CET
iot-sn-a24,pallet01,12.06,14 Jan 2026 13:08:11 CET
iot-sn-a24,pallet02,19.58,14 Jan 2026 13:08:12 CET
iot-sn-a24,pallet01,18.04,14 Jan 2026 13:08:13 CET
iot-sn-a24,pallet01,22.85,14 Jan 2026 13:08:14 CET
iot-sn-a24,pallet03,10.84,14 Jan 2026 13:08:15 CET
iot-sn-a24,pallet03,28.93,14 Jan 2026 13:08:16 CET
iot-sn-a24,pallet02,16.67,14 Jan 2026 13:08:17 CET
iot-sn-a24,pallet02,23.73,14 Jan 2026 13:08:18 CET
iot-sn-a24,pallet01,21.81,14 Jan 2026 13:08:19 CET
iot-sn-a24,pallet02,14.74,14 Jan 2026 13:08:20 CET
iot-sn-a24,pallet01,21.92,14 Jan 2026 13:08:21 CET
iot-sn-a24,pallet03,24.63,14 Jan 2026 13:08:22 CET
iot-sn-a24,pallet01,25.97,14 Jan 2026 13:08:23 CET
iot-sn-a24,pallet02,23.2,14 Jan 2026 13:08:24 CET
iot-sn-a24,pallet02,28.55,14 Jan 2026 13:08:25 CET
iot-sn-a24,pallet01,29.51,14 Jan 2026 13:08:26 CET
iot-sn-a24,pallet03,27.76,14 Jan 2026 13:08:27 CET
iot-sn-a24,pallet03,14.88,14 Jan 2026 13:08:28 CET
iot-sn-a24,pallet02,21.22,14 Jan 2026 13:08:29 CET
iot-sn-a24,pallet02,20.67,14 Jan 2026 13:08:30 CET
iot-sn-a24,pallet02,26.2,14 Jan 2026 13:08:31 CET
iot-sn-a24,pallet02,24.53,14 Jan 2026 13:08:32 CET
iot-sn-a24,pallet02,22.55,14 Jan 2026 13:08:33 CET
iot-sn-a24,pallet03,24.11,14 Jan 2026 13:08:34 CET
iot-sn-a24,pallet01,15.6,14 Jan 2026 13:08:35 CET
iot-sn-a24,pallet03,17.9,14 Jan 2026 13:08:36 CET
iot-sn-a24,pallet01,17.4,14 Jan 2026 13:08:37 CET
iot-sn-a24,pallet03,24.1,14 Jan 2026 13:08:38 CET
iot-sn-a24,pallet02,16.77,14 Jan 2026 13:08:39 CET
iot-sn-a24,pallet01,18.25,14 Jan 2026 13:08:40 CET
iot-sn-a24,pallet02,22.63,14 Jan 2026 13:08:41 CET
iot-sn-a24,pallet01,25.69,14 Jan 2026 13:08:42 CET
iot-sn-a24,pallet02,14.89,14 Jan 2026 13:08:43 CET
iot-sn-a24,pallet01,25.87,14 Jan 2026 13:08:44 CET
iot-sn-a24,pallet01,23.71,14 Jan 2026 13:08:45 CET
iot-sn-a24,pallet03,10.37,14 Jan 2026 13:08:46 CET
iot-sn-a24,pallet01,18.52,14 Jan 2026 13:08:47 CET
iot-sn-a24,pallet03,17.05,14 Jan 2026 13:08:48 CET
iot-sn-a24,pallet03,18.39,14 Jan 2026 13:08:49 CET
iot-sn-a24,pallet02,12.75,14 Jan 2026 13:08:50 CET
iot-sn-a24,pallet02,27.93,14 Jan 2026 13:08:51 CET
iot-sn-a24,pallet02,14.59,14 Jan 2026 13:08:52 CET
iot-sn-a24,pallet01,12.51,14 Jan 2026 13:08:53 CET
iot-sn-a24,pallet01,16.95,14 Jan 2026 13:08:54 CET
iot-sn-a24,pallet02,16.73,14 Jan 2026 13:08:55 CET